"Date","Price","Open","High","Low","Change %"
"Aug 31, 2020","10,686.000","10,686.000","10,686.000","10,686.000","0.00%"
"Aug 28, 2020","10,686.000","10,686.000","10,686.000","10,686.000","0.00%"
"Aug 27, 2020","10,686.000","10,686.000","10,686.000","10,686.000","0.00%"
"Aug 26, 2020","10,686.000","10,686.000","10,686.000","10,686.000","0.00%"
"Aug 25, 2020","10,686.000","10,686.000","10,686.000","10,686.000","0.00%"
"Aug 24, 2020","10,686.000","10,686.000","10,686.000","10,686.000","0.00%"
"Aug 21, 2020","10,686.000","10,686.000","10,686.000","10,686.000","0.12%"
"Aug 20, 2020","10,673.000","10,673.000","10,673.000","10,673.000","0.00%"
"Aug 19, 2020","10,673.000","10,673.000","10,673.000","10,673.000","0.00%"
"Aug 18, 2020","10,673.000","10,673.000","10,673.000","10,673.000","0.00%"
"Aug 17, 2020","10,673.000","10,673.000","10,673.000","10,673.000","0.00%"
"Aug 14, 2020","10,673.000","10,673.000","10,673.000","10,673.000","0.00%"
"Aug 13, 2020","10,673.000","10,673.000","10,673.000","10,673.000","0.00%"
"Aug 12, 2020","10,673.000","10,673.000","10,673.000","10,673.000","0.00%"
"Aug 11, 2020","10,673.000","10,673.000","10,673.000","10,673.000","0.00%"
"Aug 10, 2020","10,673.000","10,673.000","10,673.000","10,673.000","0.00%"
"Aug 07, 2020","10,673.000","10,673.000","10,673.000","10,673.000","0.00%"
"Aug 06, 2020","10,673.000","10,673.000","10,673.000","10,673.000","0.00%"
"Aug 05, 2020","10,673.000","10,673.000","10,673.000","10,673.000","0.00%"
"Aug 04, 2020","10,673.000","10,673.000","10,673.000","10,673.000","0.00%"
"Aug 03, 2020","10,673.000","10,673.000","10,673.000","10,673.000","0.00%"
"Jul 31, 2020","10,673.000","10,673.000","10,673.000","10,673.000","0.00%"
"Jul 30, 2020","10,673.000","10,673.000","10,673.000","10,673.000","0.08%"
"Jul 29, 2020","10,664.000","10,664.000","10,664.000","10,664.000","0.00%"
"Jul 28, 2020","10,664.000","10,664.000","10,664.000","10,664.000","0.00%"
"Jul 27, 2020","10,664.000","10,664.000","10,664.000","10,664.000","0.00%"
"Jul 24, 2020","10,664.000","10,664.000","10,664.000","10,664.000","0.00%"
"Jul 23, 2020","10,664.000","10,664.000","10,664.000","10,664.000","0.00%"
"Jul 22, 2020","10,664.000","10,664.000","10,664.000","10,664.000","0.00%"
"Jul 21, 2020","10,664.000","10,664.000","10,664.000","10,664.000","0.00%"
"Jul 20, 2020","10,664.000","10,664.000","10,664.000","10,664.000","0.00%"
"Jul 17, 2020","10,664.000","10,664.000","10,664.000","10,664.000","0.00%"
"Jul 16, 2020","10,664.000","10,664.000","10,664.000","10,664.000","0.08%"
"Jul 15, 2020","10,656.000","10,656.000","10,656.000","10,656.000","0.00%"
"Jul 14, 2020","10,656.000","10,656.000","10,656.000","10,656.000","0.00%"
"Jul 13, 2020","10,656.000","10,656.000","10,656.000","10,656.000","0.00%"
"Jul 10, 2020","10,656.000","10,656.000","10,656.000","10,656.000","0.00%"
"Jul 09, 2020","10,656.000","10,656.000","10,656.000","10,656.000","0.00%"
"Jul 08, 2020","10,656.000","10,656.000","10,656.000","10,656.000","0.00%"
"Jul 07, 2020","10,656.000","10,656.000","10,656.000","10,656.000","0.00%"
"Jul 06, 2020","10,656.000","10,656.000","10,656.000","10,656.000","0.00%"
"Jul 03, 2020","10,656.000","10,656.000","10,656.000","10,656.000","0.10%"
"Jul 02, 2020","10,645.000","10,645.000","10,645.000","10,645.000","0.00%"
"Jul 01, 2020","10,645.000","10,645.000","10,645.000","10,645.000","0.00%"
"Jun 30, 2020","10,645.000","10,645.000","10,645.000","10,645.000","0.00%"
"Jun 29, 2020","10,645.000","10,645.000","10,645.000","10,645.000","0.00%"
"Jun 28, 2020","10,645.000","10,645.000","10,645.000","10,645.000","0.00%"
"Jun 26, 2020","10,645.000","10,645.000","10,645.000","10,645.000","0.00%"
"Jun 25, 2020","10,645.000","10,645.000","10,645.000","10,645.000","0.00%"
"Jun 24, 2020","10,645.000","10,645.000","10,645.000","10,645.000","0.00%"
"Jun 23, 2020","10,645.000","10,645.000","10,645.000","10,645.000","0.00%"
"Jun 22, 2020","10,645.000","10,645.000","10,645.000","10,645.000","0.00%"
"Jun 21, 2020","10,645.000","10,645.000","10,645.000","10,645.000","0.00%"
"Jun 19, 2020","10,645.000","10,645.000","10,645.000","10,645.000","0.00%"
"Jun 18, 2020","10,645.000","10,645.000","10,645.000","10,645.000","0.15%"
"Jun 17, 2020","10,629.000","10,629.000","10,645.000","10,629.000","0.00%"
"Jun 16, 2020","10,629.000","10,629.000","10,629.000","10,629.000","0.00%"
"Jun 15, 2020","10,629.000","10,629.000","10,629.000","10,629.000","0.00%"
"Jun 14, 2020","10,629.000","10,629.000","10,629.000","10,629.000","0.00%"
"Jun 12, 2020","10,629.000","10,629.000","10,629.000","10,629.000","0.00%"
"Jun 11, 2020","10,629.000","10,629.000","10,629.000","10,629.000","0.00%"
"Jun 10, 2020","10,629.000","10,629.000","10,629.000","10,629.000","0.00%"
"Jun 09, 2020","10,629.000","10,629.000","10,629.000","10,629.000","0.00%"
"Jun 08, 2020","10,629.000","10,629.000","10,629.000","10,629.000","0.00%"
"Jun 07, 2020","10,629.000","10,629.000","10,629.000","10,629.000","0.00%"
"Jun 05, 2020","10,629.000","10,629.000","10,629.000","10,629.000","0.00%"
"Jun 04, 2020","10,629.000","10,629.000","10,629.000","10,629.000","0.00%"
"Jun 03, 2020","10,629.000","10,629.000","10,629.000","10,629.000","0.00%"
"Jun 02, 2020","10,629.000","10,629.000","10,629.000","10,629.000","0.00%"
"Jun 01, 2020","10,629.000","10,629.000","10,629.000","10,629.000","0.00%"
"May 31, 2020","10,629.000","10,629.000","10,629.000","10,629.000","0.00%"
"May 29, 2020","10,629.000","10,629.000","10,629.000","10,629.000","0.00%"
"May 28, 2020","10,629.000","10,629.000","10,629.000","10,629.000","0.78%"
"May 27, 2020","10,546.494","10,546.494","10,629.000","10,546.494","0.00%"
"May 26, 2020","10,546.494","10,546.494","10,546.494","10,546.494","0.00%"
"May 25, 2020","10,546.494","10,546.494","10,546.494","10,546.494","0.00%"
"May 24, 2020","10,546.494","10,546.494","10,546.494","10,546.494","0.00%"
"May 22, 2020","10,546.494","10,546.494","10,546.494","10,546.494","0.00%"
"May 21, 2020","10,546.494","10,546.494","10,546.494","10,546.494","0.00%"
"May 20, 2020","10,546.494","10,546.494","10,546.494","10,546.494","0.00%"
"May 19, 2020","10,546.494","10,546.494","10,546.494","10,546.494","0.00%"
"May 18, 2020","10,546.494","10,546.494","10,546.494","10,546.494","0.00%"
"May 17, 2020","10,546.494","10,546.494","10,546.494","10,546.494","0.00%"
"May 15, 2020","10,546.494","10,546.494","10,546.494","10,546.494","0.00%"
"May 14, 2020","10,546.494","10,546.494","10,546.494","10,546.494","0.00%"
"May 13, 2020","10,546.494","10,546.494","10,546.494","10,546.494","0.00%"
"May 12, 2020","10,546.494","10,546.494","10,546.494","10,546.494","0.00%"
"May 11, 2020","10,546.494","10,546.494","10,546.494","10,546.494","0.00%"
"May 10, 2020","10,546.494","10,546.494","10,546.494","10,546.494","0.00%"
"May 08, 2020","10,546.494","10,546.494","10,546.494","10,546.494","0.00%"
"May 07, 2020","10,546.494","10,546.494","10,546.494","10,546.494","0.00%"
"May 06, 2020","10,546.494","10,546.494","10,546.494","10,546.494","0.00%"
"May 05, 2020","10,546.494","10,546.494","10,546.494","10,546.494","0.00%"
"May 04, 2020","10,546.494","10,546.494","10,546.494","10,546.494","0.00%"
"May 01, 2020","10,546.494","10,546.494","10,546.494","10,546.494","0.00%"
"Apr 30, 2020","10,546.494","10,546.494","10,546.494","10,546.494","0.00%"
"Apr 29, 2020","10,546.494","10,546.494","10,546.494","10,546.494","0.00%"
"Apr 28, 2020","10,546.494","10,546.494","10,546.494","10,546.494","0.00%"
"Apr 27, 2020","10,546.494","10,546.494","10,546.494","10,546.494","0.00%"
"Apr 26, 2020","10,546.494","10,546.494","10,546.494","10,546.494","0.00%"
"Apr 24, 2020","10,546.494","10,546.494","10,546.494","10,546.494","0.00%"
"Apr 23, 2020","10,546.494","10,546.494","10,546.494","10,546.494","0.00%"
"Apr 22, 2020","10,546.494","10,546.494","10,546.494","10,546.494","0.00%"
"Apr 21, 2020","10,546.494","10,546.494","10,546.494","10,546.494","0.00%"
"Apr 20, 2020","10,546.494","10,546.494","10,546.494","10,546.494","0.00%"
"Apr 19, 2020","10,546.494","10,546.494","10,546.494","10,546.494","0.00%"
"Apr 17, 2020","10,546.494","10,546.494","10,546.494","10,546.494","0.00%"
"Apr 16, 2020","10,546.494","10,546.494","10,546.494","10,546.494","0.00%"
"Apr 15, 2020","10,546.494","10,546.494","10,546.494","10,546.494","0.00%"
"Apr 14, 2020","10,546.494","10,546.494","10,546.494","10,546.494","0.00%"
"Apr 13, 2020","10,546.494","10,546.494","10,546.494","10,546.494","0.00%"
"Apr 10, 2020","10,546.494","10,546.494","10,546.494","10,546.494","0.00%"
"Apr 09, 2020","10,546.494","10,546.494","10,546.494","10,546.494","0.00%"
"Apr 08, 2020","10,546.494","10,546.494","10,546.494","10,546.494","0.00%"
"Apr 07, 2020","10,546.494","10,546.494","10,546.494","10,546.494","0.00%"
"Apr 06, 2020","10,546.494","10,546.494","10,546.494","10,546.494","0.00%"
"Apr 05, 2020","10,546.494","10,546.494","10,546.494","10,546.494","0.00%"
"Apr 03, 2020","10,546.494","10,546.494","10,546.494","10,546.494","0.00%"
"Apr 02, 2020","10,546.494","10,546.494","10,546.494","10,546.494","0.00%"
"Apr 01, 2020","10,546.494","10,546.494","10,546.494","10,546.494","0.00%"
"Mar 31, 2020","10,546.494","10,546.494","10,546.494","10,546.494","0.00%"
"Mar 30, 2020","10,546.494","10,546.494","10,546.494","10,546.494","0.00%"
"Mar 29, 2020","10,546.494","10,546.494","10,546.494","10,546.494","0.00%"
"Mar 27, 2020","10,546.494","10,546.494","10,546.494","10,546.494","0.00%"
"Mar 26, 2020","10,546.494","10,546.494","10,546.494","10,546.494","0.00%"
"Mar 25, 2020","10,546.494","10,546.494","10,546.494","10,546.494","0.00%"
"Mar 24, 2020","10,546.494","10,546.494","10,546.494","10,546.494","0.00%"
"Mar 23, 2020","10,546.494","10,546.494","10,546.494","10,546.494","0.00%"
"Mar 22, 2020","10,546.494","10,546.494","10,546.494","10,546.494","0.00%"
"Mar 20, 2020","10,546.494","10,546.494","10,546.494","10,546.494","0.00%"
"Mar 19, 2020","10,546.494","10,546.494","10,546.494","10,546.494","0.00%"
"Mar 18, 2020","10,546.494","10,546.494","10,546.494","10,546.494","0.00%"
"Mar 17, 2020","10,546.494","10,546.494","10,546.494","10,546.494","0.00%"
"Mar 16, 2020","10,546.494","10,546.494","10,546.494","10,546.494","0.00%"
"Mar 15, 2020","10,546.494","10,546.494","10,546.494","10,546.494","0.00%"
"Mar 13, 2020","10,546.494","10,546.494","10,546.494","10,546.494","0.00%"
"Mar 12, 2020","10,546.494","10,546.494","10,546.494","10,546.494","0.00%"
"Mar 11, 2020","10,546.494","10,546.494","10,546.494","10,546.494","0.00%"
"Mar 10, 2020","10,546.494","10,546.494","10,546.494","10,546.494","0.00%"
"Mar 09, 2020","10,546.494","10,546.494","10,546.494","10,546.494","0.13%"
"Mar 08, 2020","10,532.994","10,532.994","10,532.994","10,532.994","0.00%"
"Mar 06, 2020","10,532.994","10,532.994","10,532.994","10,532.994","0.00%"
"Mar 05, 2020","10,532.994","10,532.994","10,532.994","10,532.994","0.00%"
"Mar 04, 2020","10,532.994","10,532.994","10,532.994","10,532.994","0.00%"
"Mar 03, 2020","10,532.994","10,532.994","10,532.994","10,532.994","0.00%"
"Mar 02, 2020","10,532.994","10,532.994","10,532.994","10,532.994","0.00%"
"Mar 01, 2020","10,532.994","10,532.994","10,532.994","10,532.994","0.00%"
"Feb 28, 2020","10,532.994","10,532.994","10,532.994","10,532.994","0.00%"
"Feb 27, 2020","10,532.994","10,532.994","10,532.994","10,532.994","0.00%"
"Feb 26, 2020","10,532.994","10,532.994","10,532.994","10,532.994","0.00%"
"Feb 25, 2020","10,532.994","10,532.994","10,532.994","10,532.994","0.00%"
"Feb 24, 2020","10,532.994","10,532.994","10,532.994","10,532.994","0.11%"
"Feb 23, 2020","10,521.624","10,521.624","10,521.624","10,521.624","0.00%"
"Feb 21, 2020","10,521.624","10,521.624","10,521.624","10,521.624","0.00%"
"Feb 20, 2020","10,521.624","10,521.624","10,521.624","10,521.624","0.00%"
"Feb 19, 2020","10,521.624","10,521.624","10,521.624","10,521.624","0.00%"
"Feb 18, 2020","10,521.624","10,521.624","10,521.624","10,521.624","0.00%"
"Feb 17, 2020","10,521.624","10,521.624","10,521.624","10,521.624","0.00%"
"Feb 16, 2020","10,521.624","10,521.624","10,521.624","10,521.624","0.00%"
"Feb 14, 2020","10,521.624","10,521.624","10,521.624","10,521.624","0.00%"
"Feb 13, 2020","10,521.624","10,521.624","10,521.624","10,521.624","0.00%"
"Feb 12, 2020","10,521.624","10,521.624","10,521.624","10,521.624","0.19%"
"Feb 11, 2020","10,502.187","10,502.187","10,502.187","10,502.187","0.00%"
"Feb 10, 2020","10,502.187","10,502.187","10,502.187","10,502.187","0.00%"
"Feb 09, 2020","10,502.187","10,502.187","10,502.187","10,502.187","0.00%"
"Feb 07, 2020","10,502.187","10,502.187","10,502.187","10,502.187","0.00%"
"Feb 06, 2020","10,502.187","10,502.187","10,502.187","10,502.187","0.00%"
"Feb 05, 2020","10,502.187","10,502.187","10,502.187","10,502.187","0.00%"
"Feb 04, 2020","10,502.187","10,502.187","10,502.187","10,502.187","0.00%"
"Feb 03, 2020","10,502.187","10,502.187","10,502.187","10,502.187","0.00%"
"Feb 02, 2020","10,502.187","10,502.187","10,502.187","10,502.187","0.00%"
"Jan 31, 2020","10,502.187","10,502.187","10,502.187","10,502.187","0.00%"
"Jan 30, 2020","10,502.187","10,502.187","10,502.187","10,502.187","0.00%"
"Jan 29, 2020","10,502.187","10,502.187","10,502.187","10,502.187","0.00%"
"Jan 28, 2020","10,502.187","10,502.187","10,502.187","10,502.187","0.12%"
"Jan 27, 2020","10,489.622","10,489.622","10,489.622","10,489.622","0.00%"
"Jan 26, 2020","10,489.622","10,489.622","10,489.622","10,489.622","0.00%"
"Jan 24, 2020","10,489.622","10,489.622","10,489.622","10,489.622","0.00%"
"Jan 23, 2020","10,489.622","10,489.622","10,489.622","10,489.622","0.00%"
"Jan 22, 2020","10,489.622","10,489.622","10,489.622","10,489.622","0.00%"
"Jan 21, 2020","10,489.622","10,489.622","10,489.622","10,489.622","0.00%"
"Jan 20, 2020","10,489.622","10,489.622","10,489.622","10,489.622","0.00%"
"Jan 19, 2020","10,489.622","10,489.622","10,489.622","10,489.622","0.00%"
"Jan 17, 2020","10,489.622","10,489.622","10,489.622","10,489.622","0.07%"
"Jan 16, 2020","10,482.455","10,482.455","10,482.455","10,482.455","0.00%"
"Jan 15, 2020","10,482.455","10,482.455","10,482.455","10,482.455","0.00%"
"Jan 14, 2020","10,482.455","10,482.455","10,482.455","10,482.455","0.00%"
"Jan 13, 2020","10,482.455","10,482.455","10,482.455","10,482.455","0.05%"
"Jan 12, 2020","10,477.082","10,477.082","10,477.082","10,477.082","0.00%"
"Jan 10, 2020","10,477.082","10,477.082","10,477.082","10,477.082","0.00%"
"Jan 09, 2020","10,477.082","10,477.082","10,477.082","10,477.082","0.00%"
"Jan 08, 2020","10,477.082","10,477.082","10,477.082","10,477.082","0.02%"
"Jan 07, 2020","10,475.292","10,475.292","10,475.292","10,475.292","0.07%"
"Jan 06, 2020","10,468.145","10,468.145","10,468.145","10,468.145","0.00%"
"Jan 05, 2020","10,468.145","10,468.145","10,468.145","10,468.145","0.00%"
"Jan 03, 2020","10,468.145","10,468.145","10,468.145","10,468.145","0.00%"
"Jan 02, 2020","10,468.145","10,468.145","10,468.145","10,468.145","0.00%"
"Jan 01, 2020","10,468.145","10,468.145","10,468.145","10,468.145","0.00%"
"Dec 31, 2019","10,468.145","10,468.145","10,468.145","10,468.145","0.14%"
"Dec 30, 2019","10,453.855","10,453.855","10,453.855","10,453.855","0.00%"
"Dec 29, 2019","10,453.855","10,453.855","10,453.855","10,453.855","0.00%"
"Dec 27, 2019","10,453.855","10,453.855","10,453.855","10,453.855","0.00%"
"Dec 26, 2019","10,453.855","10,453.855","10,453.855","10,453.855","0.00%"
"Dec 25, 2019","10,453.855","10,453.855","10,453.855","10,453.855","0.00%"
"Dec 24, 2019","10,453.855","10,453.855","10,453.855","10,453.855","0.00%"
"Dec 23, 2019","10,453.855","10,453.855","10,453.855","10,453.855","0.00%"
"Dec 22, 2019","10,453.855","10,453.855","10,453.855","10,453.855","0.00%"
"Dec 20, 2019","10,453.855","10,453.855","10,453.855","10,453.855","0.00%"
"Dec 19, 2019","10,453.855","10,453.855","10,453.855","10,453.855","0.00%"
"Dec 18, 2019","10,453.855","10,453.855","10,453.855","10,453.855","0.02%"
"Dec 17, 2019","10,452.069","10,452.069","10,452.069","10,452.069","0.03%"
"Dec 16, 2019","10,448.498","10,448.498","10,448.498","10,448.498","0.00%"
"Dec 15, 2019","10,448.498","10,448.498","10,448.498","10,448.498","0.00%"
"Dec 13, 2019","10,448.498","10,448.498","10,448.498","10,448.498","0.08%"
"Dec 12, 2019","10,440.567","10,440.567","10,440.567","10,440.567","0.00%"
"Dec 11, 2019","10,440.567","10,440.567","10,440.567","10,440.567","0.00%"
"Dec 10, 2019","10,440.567","10,440.567","10,440.567","10,440.567","0.00%"
"Dec 09, 2019","10,440.567","10,440.567","10,440.567","10,440.567","0.02%"
"Dec 08, 2019","10,438.585","10,438.585","10,438.585","10,438.585","0.00%"
"Dec 06, 2019","10,438.585","10,438.585","10,438.585","10,438.585","0.04%"
"Dec 05, 2019","10,434.623","10,434.623","10,434.623","10,434.623","0.00%"
"Dec 04, 2019","10,434.623","10,434.623","10,434.623","10,434.623","0.02%"
"Dec 03, 2019","10,432.642","10,432.642","10,432.642","10,432.642","0.10%"
"Dec 02, 2019","10,422.734","10,422.734","10,422.734","10,422.734","0.00%"
"Dec 01, 2019","10,422.734","10,422.734","10,422.734","10,422.734","0.00%"
"Nov 29, 2019","10,422.734","10,422.734","10,422.734","10,422.734","0.00%"
"Nov 28, 2019","10,422.734","10,422.734","10,422.734","10,422.734","0.00%"
"Nov 27, 2019","10,422.734","10,422.734","10,422.734","10,422.734","0.00%"
"Nov 26, 2019","10,422.734","10,422.734","10,422.734","10,422.734","0.04%"
"Nov 25, 2019","10,418.778","10,418.778","10,418.778","10,418.778","0.00%"
"Nov 24, 2019","10,418.778","10,418.778","10,418.778","10,418.778","0.00%"
"Nov 22, 2019","10,418.778","10,418.778","10,418.778","10,418.778","0.02%"
"Nov 21, 2019","10,416.800","10,416.800","10,416.800","10,416.800","0.04%"
"Nov 20, 2019","10,412.846","10,412.846","10,412.846","10,412.846","0.00%"
"Nov 19, 2019","10,412.846","10,412.846","10,412.846","10,412.846","0.02%"
"Nov 18, 2019","10,410.870","10,410.870","10,410.870","10,410.870","0.00%"
"Nov 15, 2019","10,410.870","10,410.870","10,410.870","10,410.870","0.04%"
"Nov 14, 2019","10,406.918","10,406.918","10,406.918","10,406.918","0.00%"
"Nov 13, 2019","10,406.918","10,406.918","10,406.918","10,406.918","0.02%"
"Nov 12, 2019","10,404.932","10,404.932","10,404.932","10,404.932","0.02%"
"Nov 11, 2019","10,402.957","10,402.957","10,402.957","10,402.957","0.02%"
"Nov 10, 2019","10,400.982","10,400.982","10,400.982","10,400.982","0.00%"
"Nov 08, 2019","10,400.982","10,400.982","10,400.982","10,400.982","0.06%"
"Nov 07, 2019","10,395.061","10,395.061","10,395.061","10,395.061","0.00%"
"Nov 06, 2019","10,395.061","10,395.061","10,395.061","10,395.061","0.00%"
"Nov 05, 2019","10,395.061","10,395.061","10,395.061","10,395.061","0.02%"
"Nov 04, 2019","10,393.088","10,393.088","10,393.088","10,393.088","0.02%"
"Nov 03, 2019","10,391.115","10,391.115","10,391.115","10,391.115","0.00%"
"Nov 01, 2019","10,391.115","10,391.115","10,391.115","10,391.115","0.02%"
"Oct 31, 2019","10,388.947","10,388.947","10,388.947","10,388.947","0.06%"
"Oct 30, 2019","10,382.444","10,382.444","10,382.444","10,382.444","0.00%"
"Oct 29, 2019","10,382.444","10,382.444","10,382.444","10,382.444","0.10%"
"Oct 28, 2019","10,371.605","10,371.605","10,371.605","10,371.605","0.00%"
"Oct 27, 2019","10,371.605","10,371.605","10,371.605","10,371.605","0.00%"
"Oct 25, 2019","10,371.605","10,371.605","10,371.605","10,371.605","0.00%"
"Oct 24, 2019","10,371.605","10,371.605","10,371.605","10,371.605","0.00%"
"Oct 23, 2019","10,371.605","10,371.605","10,371.605","10,371.605","0.00%"
"Oct 22, 2019","10,371.605","10,371.605","10,371.605","10,371.605","0.00%"
"Oct 21, 2019","10,371.605","10,371.605","10,371.605","10,371.605","0.02%"
"Oct 20, 2019","10,369.441","10,369.441","10,369.441","10,369.441","0.00%"
"Oct 18, 2019","10,369.441","10,369.441","10,369.441","10,369.441","0.02%"
"Oct 17, 2019","10,367.277","10,367.277","10,367.277","10,367.277","0.02%"
"Oct 16, 2019","10,365.114","10,365.114","10,365.114","10,365.114","0.08%"
"Oct 15, 2019","10,356.465","10,356.465","10,356.465","10,356.465","0.00%"
"Oct 14, 2019","10,356.465","10,356.465","10,356.465","10,356.465","0.00%"
"Oct 13, 2019","10,356.465","10,356.465","10,356.465","10,356.465","0.00%"
"Oct 11, 2019","10,356.465","10,356.465","10,356.465","10,356.465","0.00%"
"Oct 10, 2019","10,356.465","10,356.465","10,356.465","10,356.465","0.02%"
"Oct 09, 2019","10,354.304","10,354.304","10,354.304","10,354.304","0.04%"
"Oct 08, 2019","10,349.972","10,349.972","10,349.972","10,349.972","0.00%"
"Oct 07, 2019","10,349.972","10,349.972","10,349.972","10,349.972","0.04%"
"Oct 06, 2019","10,345.653","10,345.653","10,345.653","10,345.653","0.00%"
"Oct 04, 2019","10,345.653","10,345.653","10,345.653","10,345.653","0.00%"
"Oct 03, 2019","10,345.653","10,345.653","10,345.653","10,345.653","0.02%"
"Oct 02, 2019","10,343.494","10,343.494","10,343.494","10,343.494","0.08%"
"Oct 01, 2019","10,334.863","10,334.863","10,334.863","10,334.863","0.00%"
"Sep 30, 2019","10,334.863","10,334.863","10,334.863","10,334.863","0.00%"
"Sep 29, 2019","10,334.863","10,334.863","10,334.863","10,334.863","0.00%"
"Sep 27, 2019","10,334.863","10,334.863","10,334.863","10,334.863","0.00%"
"Sep 26, 2019","10,334.863","10,334.863","10,334.863","10,334.863","0.02%"
"Sep 25, 2019","10,332.706","10,332.706","10,332.706","10,332.706","0.02%"
"Sep 24, 2019","10,330.550","10,330.550","10,330.550","10,330.550","0.02%"
"Sep 23, 2019","10,328.395","10,328.395","10,328.395","10,328.395","0.02%"
"Sep 22, 2019","10,326.239","10,326.239","10,326.239","10,326.239","0.00%"
"Sep 20, 2019","10,326.239","10,326.239","10,326.239","10,326.239","0.07%"
"Sep 19, 2019","10,319.184","10,319.184","10,319.184","10,319.184","0.00%"
"Sep 18, 2019","10,319.184","10,319.184","10,319.184","10,319.184","0.00%"
"Sep 17, 2019","10,319.184","10,319.184","10,319.184","10,319.184","0.02%"
"Sep 16, 2019","10,316.837","10,316.837","10,316.837","10,316.837","0.14%"
"Sep 15, 2019","10,302.765","10,302.765","10,302.765","10,302.765","0.00%"
"Sep 13, 2019","10,302.765","10,302.765","10,302.765","10,302.765","0.00%"
"Sep 12, 2019","10,302.765","10,302.765","10,302.765","10,302.765","0.00%"
"Sep 11, 2019","10,302.765","10,302.765","10,302.765","10,302.765","0.00%"
"Sep 10, 2019","10,302.765","10,302.765","10,302.765","10,302.765","0.00%"
"Sep 09, 2019","10,302.765","10,302.765","10,302.765","10,302.765","0.00%"
"Sep 08, 2019","10,302.765","10,302.765","10,302.765","10,302.765","0.00%"
"Sep 06, 2019","10,302.765","10,302.765","10,302.765","10,302.765","0.02%"
"Sep 05, 2019","10,300.422","10,300.422","10,300.422","10,300.422","0.02%"
"Sep 04, 2019","10,298.079","10,298.079","10,298.079","10,298.079","0.02%"
"Sep 03, 2019","10,295.736","10,295.736","10,295.736","10,295.736","0.05%"
"Sep 02, 2019","10,291.043","10,291.043","10,291.043","10,291.043","0.00%"
"Sep 01, 2019","10,291.043","10,291.043","10,291.043","10,291.043","0.00%"
"Aug 30, 2019","10,291.043","10,291.043","10,291.043","10,291.043","0.02%"
"Aug 29, 2019","10,288.702","10,288.702","10,288.702","10,288.702","0.05%"
"Aug 28, 2019","10,284.022","10,284.022","10,284.022","10,284.022","0.00%"
"Aug 27, 2019","10,284.022","10,284.022","10,284.022","10,284.022","0.02%"
"Aug 26, 2019","10,281.683","10,281.683","10,281.683","10,281.683","0.07%"
"Aug 25, 2019","10,274.669","10,274.669","10,274.669","10,274.669","0.00%"
"Aug 23, 2019","10,274.669","10,274.669","10,274.669","10,274.669","0.00%"
"Aug 22, 2019","10,274.669","10,274.669","10,274.669","10,274.669","0.00%"
"Aug 21, 2019","10,274.669","10,274.669","10,274.669","10,274.669","0.02%"
"Aug 20, 2019","10,272.332","10,272.332","10,272.332","10,272.332","0.05%"
"Aug 19, 2019","10,267.659","10,267.659","10,267.659","10,267.659","0.00%"
"Aug 18, 2019","10,267.659","10,267.659","10,267.659","10,267.659","0.00%"
"Aug 16, 2019","10,267.659","10,267.659","10,267.659","10,267.659","0.02%"
"Aug 15, 2019","10,265.313","10,265.313","10,265.313","10,265.313","0.02%"
"Aug 14, 2019","10,262.978","10,262.978","10,262.978","10,262.978","0.02%"
"Aug 13, 2019","10,260.644","10,260.644","10,260.644","10,260.644","0.05%"
"Aug 12, 2019","10,255.977","10,255.980","10,255.980","10,255.980","0.00%"
"Aug 11, 2019","10,255.977","10,255.977","10,255.977","10,255.977","0.00%"
"Aug 09, 2019","10,255.977","10,255.980","10,255.980","10,255.980","0.02%"
"Aug 08, 2019","10,253.644","10,253.640","10,253.640","10,253.640","0.05%"
"Aug 07, 2019","10,248.980","10,248.980","10,248.980","10,248.980","0.00%"
"Aug 06, 2019","10,248.980","10,248.980","10,248.980","10,248.980","0.02%"
"Aug 05, 2019","10,246.649","10,246.650","10,246.650","10,246.650","0.02%"
"Aug 04, 2019","10,244.318","10,244.318","10,244.318","10,244.318","0.00%"
"Aug 02, 2019","10,244.318","10,244.320","10,244.320","10,244.320","0.05%"
"Aug 01, 2019","10,239.276","10,239.280","10,239.280","10,239.280","0.00%"
"Jul 31, 2019","10,239.276","10,239.280","10,239.280","10,239.280","0.02%"
"Jul 30, 2019","10,236.755","10,236.760","10,236.760","10,236.760","0.05%"
"Jul 29, 2019","10,231.706","10,231.710","10,231.710","10,231.710","0.00%"
"Jul 28, 2019","10,231.706","10,231.706","10,231.706","10,231.706","0.00%"
"Jul 26, 2019","10,231.706","10,231.710","10,231.710","10,231.710","0.02%"
"Jul 25, 2019","10,229.188","10,229.190","10,229.190","10,229.190","0.02%"
"Jul 24, 2019","10,226.670","10,226.670","10,226.670","10,226.670","0.20%"
"Jul 23, 2019","10,206.550","10,206.550","10,206.550","10,206.550","0.00%"
"Jul 22, 2019","10,206.550","10,206.550","10,206.550","10,206.550","0.00%"
"Jul 21, 2019","10,206.550","10,206.550","10,206.550","10,206.550","0.00%"
"Jul 19, 2019","10,206.550","10,206.550","10,206.550","10,206.550","0.00%"
"Jul 18, 2019","10,206.550","10,206.550","10,206.550","10,206.550","0.00%"
"Jul 17, 2019","10,206.550","10,206.550","10,206.550","10,206.550","0.00%"
"Jul 16, 2019","10,206.550","10,206.550","10,206.550","10,206.550","0.00%"
"Jul 15, 2019","10,206.550","10,206.550","10,206.550","10,206.550","0.00%"
"Jul 14, 2019","10,206.550","10,206.550","10,206.550","10,206.550","0.00%"
"Jul 12, 2019","10,206.550","10,206.550","10,206.550","10,206.550","0.05%"
"Jul 11, 2019","10,201.516","10,201.520","10,201.520","10,201.520","0.00%"
"Jul 10, 2019","10,201.516","10,201.520","10,201.520","10,201.520","0.02%"
"Jul 09, 2019","10,199.005","10,199.010","10,199.010","10,199.010","0.25%"
"Jul 08, 2019","10,173.929","10,173.930","10,173.930","10,173.930","0.00%"
"Jul 07, 2019","10,173.929","10,173.929","10,173.929","10,173.929","0.00%"
"Jul 05, 2019","10,173.929","10,173.930","10,173.930","10,173.930","0.00%"
"Jul 04, 2019","10,173.929","10,173.930","10,173.930","10,173.930","0.00%"
"Jul 03, 2019","10,173.929","10,173.930","10,173.930","10,173.930","0.00%"
"Jul 02, 2019","10,173.929","10,173.930","10,173.930","10,173.930","0.00%"
"Jul 01, 2019","10,173.929","10,173.930","10,173.930","10,173.930","0.00%"
"Jun 30, 2019","10,173.929","10,173.929","10,173.929","10,173.929","0.00%"
"Jun 28, 2019","10,173.929","10,173.930","10,173.930","10,173.930","0.00%"
"Jun 27, 2019","10,173.929","10,173.930","10,173.930","10,173.930","0.00%"
"Jun 26, 2019","10,173.929","10,173.930","10,173.930","10,173.930","0.00%"
"Jun 25, 2019","10,173.929","10,173.930","10,173.930","10,173.930","0.02%"
"Jun 24, 2019","10,171.415","10,171.420","10,171.420","10,171.420","0.02%"
"Jun 23, 2019","10,168.911","10,168.911","10,168.911","10,168.911","0.00%"
"Jun 21, 2019","10,168.911","10,168.910","10,168.910","10,168.910","0.00%"
"Jun 20, 2019","10,168.911","10,168.910","10,168.910","10,168.910","0.02%"
"Jun 19, 2019","10,166.408","10,166.410","10,166.410","10,166.410","0.02%"
"Jun 18, 2019","10,163.906","10,163.910","10,163.910","10,163.910","0.02%"
"Jun 17, 2019","10,161.404","10,161.400","10,161.400","10,161.400","0.02%"
"Jun 16, 2019","10,158.903","10,158.903","10,158.903","10,158.903","0.00%"
"Jun 14, 2019","10,158.903","10,158.900","10,158.900","10,158.900","0.02%"
"Jun 13, 2019","10,156.402","10,156.400","10,156.400","10,156.400","0.02%"
"Jun 12, 2019","10,153.902","10,153.900","10,153.900","10,153.900","0.02%"
"Jun 11, 2019","10,151.403","10,151.400","10,151.400","10,151.400","0.02%"
"Jun 10, 2019","10,148.904","10,148.900","10,148.900","10,148.900","0.02%"
"Jun 09, 2019","10,146.406","10,146.406","10,146.406","10,146.406","0.00%"
"Jun 07, 2019","10,146.406","10,146.410","10,146.410","10,146.410","0.02%"
"Jun 06, 2019","10,143.909","10,143.910","10,143.910","10,143.910","0.02%"
"Jun 05, 2019","10,141.412","10,141.410","10,141.410","10,141.410","0.02%"
"Jun 04, 2019","10,138.906","10,138.910","10,138.910","10,138.910","0.02%"
"Jun 03, 2019","10,136.410","10,136.410","10,136.410","10,136.410","0.02%"
"Jun 02, 2019","10,133.915","10,133.915","10,133.915","10,133.915","0.00%"
"May 31, 2019","10,133.915","10,133.920","10,133.920","10,133.920","0.02%"
"May 30, 2019","10,131.421","10,131.420","10,131.420","10,131.420","0.02%"
"May 29, 2019","10,128.927","10,128.930","10,128.930","10,128.930","0.02%"
"May 28, 2019","10,126.434","10,126.430","10,126.430","10,126.430","0.05%"
"May 27, 2019","10,121.450","10,121.450","10,121.450","10,121.450","0.00%"
"May 26, 2019","10,121.450","10,121.450","10,121.450","10,121.450","0.00%"
"May 24, 2019","10,121.450","10,121.450","10,121.450","10,121.450","0.02%"
"May 23, 2019","10,118.958","10,118.960","10,118.960","10,118.960","0.02%"
"May 22, 2019","10,116.468","10,116.470","10,116.470","10,116.470","0.05%"
"May 21, 2019","10,111.488","10,111.490","10,111.490","10,111.490","0.00%"
"May 20, 2019","10,111.488","10,111.490","10,111.490","10,111.490","0.02%"
"May 19, 2019","10,108.989","10,108.989","10,108.989","10,108.989","0.00%"
"May 17, 2019","10,108.989","10,108.990","10,108.990","10,108.990","0.02%"
"May 16, 2019","10,106.501","10,106.500","10,106.500","10,106.500","0.02%"
"May 15, 2019","10,104.013","10,104.010","10,104.010","10,104.010","0.02%"
"May 14, 2019","10,101.526","10,101.530","10,101.530","10,101.530","0.02%"
"May 13, 2019","10,099.040","10,099.040","10,099.040","10,099.040","0.02%"
"May 12, 2019","10,096.554","10,096.554","10,096.554","10,096.554","0.00%"
"May 10, 2019","10,096.554","10,096.550","10,096.550","10,096.550","0.02%"
"May 09, 2019","10,094.069","10,094.070","10,094.070","10,094.070","0.02%"
"May 08, 2019","10,091.585","10,091.590","10,091.590","10,091.590","0.02%"
"May 07, 2019","10,089.101","10,089.100","10,089.100","10,089.100","0.02%"
"May 06, 2019","10,086.617","10,086.620","10,086.620","10,086.620","0.05%"
"May 05, 2019","10,081.652","10,081.652","10,081.652","10,081.652","0.00%"
"May 03, 2019","10,081.652","10,081.650","10,081.650","10,081.650","0.00%"
"May 02, 2019","10,081.652","10,081.650","10,081.650","10,081.650","0.02%"
"May 01, 2019","10,079.171","10,079.170","10,079.170","10,079.170","0.00%"
"Apr 30, 2019","10,079.171","10,079.170","10,079.170","10,079.170","0.02%"
"Apr 29, 2019","10,076.680","10,076.680","10,076.680","10,076.680","0.02%"
"Apr 28, 2019","10,074.200","10,074.200","10,074.200","10,074.200","0.00%"
"Apr 26, 2019","10,074.200","10,074.200","10,074.200","10,074.200","0.02%"
"Apr 25, 2019","10,071.720","10,071.720","10,071.720","10,071.720","0.05%"
"Apr 24, 2019","10,066.763","10,066.760","10,066.760","10,066.760","0.00%"
"Apr 23, 2019","10,066.763","10,066.760","10,066.760","10,066.760","0.02%"
"Apr 22, 2019","10,064.285","10,064.290","10,064.290","10,064.290","0.05%"
"Apr 19, 2019","10,059.331","10,059.330","10,059.330","10,059.330","0.00%"
"Apr 18, 2019","10,059.331","10,059.330","10,059.330","10,059.330","0.00%"
"Apr 17, 2019","10,059.331","10,059.330","10,059.330","10,059.330","0.02%"
"Apr 16, 2019","10,056.855","10,056.860","10,056.860","10,056.860","0.02%"
"Apr 15, 2019","10,054.380","10,054.380","10,054.380","10,054.380","0.05%"
"Apr 14, 2019","10,049.431","10,049.431","10,049.431","10,049.431","0.00%"
"Apr 12, 2019","10,049.431","10,049.430","10,049.430","10,049.430","0.00%"
"Apr 11, 2019","10,049.431","10,049.430","10,049.430","10,049.430","0.02%"
"Apr 10, 2019","10,046.947","10,046.950","10,046.950","10,046.950","0.02%"
"Apr 09, 2019","10,044.474","10,044.470","10,044.470","10,044.470","0.02%"
"Apr 08, 2019","10,041.992","10,041.990","10,041.990","10,041.990","0.05%"
"Apr 07, 2019","10,037.049","10,037.049","10,037.049","10,037.049","0.00%"
"Apr 05, 2019","10,037.049","10,037.050","10,037.050","10,037.050","0.00%"
"Apr 04, 2019","10,037.049","10,037.050","10,037.050","10,037.050","0.02%"
"Apr 03, 2019","10,034.578","10,034.580","10,034.580","10,034.580","0.05%"
"Apr 02, 2019","10,029.639","10,029.640","10,029.640","10,029.640","0.00%"
"Apr 01, 2019","10,029.639","10,029.640","10,029.640","10,029.640","0.02%"
"Mar 29, 2019","10,027.160","10,027.160","10,027.160","10,027.160","0.02%"
"Mar 28, 2019","10,024.692","10,024.690","10,024.690","10,024.690","0.02%"
"Mar 27, 2019","10,022.225","10,022.230","10,022.230","10,022.230","0.02%"
"Mar 26, 2019","10,019.758","10,019.760","10,019.760","10,019.760","0.02%"
"Mar 25, 2019","10,017.292","10,017.290","10,017.290","10,017.290","0.02%"
"Mar 22, 2019","10,014.826","10,014.830","10,014.830","10,014.830","0.02%"
"Mar 21, 2019","10,012.361","10,012.360","10,012.360","10,012.360","0.02%"
"Mar 20, 2019","10,009.897","10,009.900","10,009.900","10,009.900","0.02%"
"Mar 19, 2019","10,007.433","10,007.430","10,007.430","10,007.430","0.02%"
"Mar 18, 2019","10,004.970","10,004.970","10,004.970","10,004.970","0.02%"
"Mar 15, 2019","10,002.507","10,002.510","10,002.510","10,002.510","0.02%"
"Mar 14, 2019","10,000.045","10,000.050","10,000.050","10,000.050","0.02%"
"Mar 13, 2019","9,997.573","9,997.570","9,997.570","9,997.570","0.02%"
"Mar 12, 2019","9,995.113","9,995.110","9,995.110","9,995.110","0.02%"
"Mar 11, 2019","9,992.652","9,992.650","9,992.650","9,992.650","0.02%"
"Mar 08, 2019","9,990.193","9,990.190","9,990.190","9,990.190","0.05%"
"Mar 07, 2019","9,985.276","9,985.280","9,985.280","9,985.280","0.00%"
"Mar 06, 2019","9,985.276","9,985.280","9,985.280","9,985.280","0.00%"
"Mar 05, 2019","9,985.276","9,985.280","9,985.280","9,985.280","0.00%"
"Mar 04, 2019","9,985.276","9,985.280","9,985.280","9,985.280","0.02%"
"Mar 01, 2019","9,982.818","9,982.820","9,982.820","9,982.820","0.02%"
"Feb 28, 2019","9,980.361","9,980.360","9,980.360","9,980.360","0.02%"
"Feb 27, 2019","9,977.904","9,977.900","9,977.900","9,977.900","0.02%"
"Feb 26, 2019","9,975.448","9,975.450","9,975.450","9,975.450","0.02%"
"Feb 25, 2019","9,972.993","9,972.990","9,972.990","9,972.990","0.05%"
"Feb 22, 2019","9,968.074","9,968.070","9,968.070","9,968.070","0.00%"
"Feb 21, 2019","9,968.074","9,968.070","9,968.070","9,968.070","0.02%"
"Feb 20, 2019","9,965.620","9,965.620","9,965.620","9,965.620","0.02%"
"Feb 19, 2019","9,963.167","9,963.170","9,963.170","9,963.170","0.05%"
"Feb 18, 2019","9,958.263","9,958.260","9,958.260","9,958.260","0.00%"
"Feb 15, 2019","9,958.263","9,958.260","9,958.260","9,958.260","0.02%"
"Feb 14, 2019","9,955.812","9,955.810","9,955.810","9,955.810","0.02%"
"Feb 13, 2019","9,953.362","9,953.360","9,953.360","9,953.360","0.02%"
"Feb 12, 2019","9,950.912","9,950.910","9,950.910","9,950.910","0.02%"
"Feb 11, 2019","9,948.463","9,948.460","9,948.460","9,948.460","0.02%"
"Feb 08, 2019","9,946.014","9,946.010","9,946.010","9,946.010","0.02%"
"Feb 07, 2019","9,943.566","9,943.570","9,943.570","9,943.570","0.02%"
"Feb 06, 2019","9,941.118","9,941.120","9,941.120","9,941.120","0.02%"
"Feb 05, 2019","9,938.661","9,938.660","9,938.660","9,938.660","0.02%"
"Feb 04, 2019","9,936.215","9,936.220","9,936.220","9,936.220","0.02%"
"Feb 01, 2019","9,933.769","9,933.770","9,933.770","9,933.770","0.02%"
"Jan 31, 2019","9,931.324","9,931.320","9,931.320","9,931.320","0.02%"
"Jan 30, 2019","9,928.880","9,928.880","9,928.880","9,928.880","0.02%"
"Jan 29, 2019","9,926.436","9,926.440","9,926.440","9,926.440","0.02%"
"Jan 28, 2019","9,923.993","9,923.990","9,923.990","9,923.990","0.02%"
"Jan 25, 2019","9,921.550","9,921.550","9,921.550","9,921.550","0.02%"
"Jan 24, 2019","9,919.108","9,919.110","9,919.110","9,919.110","0.02%"
"Jan 23, 2019","9,916.666","9,916.670","9,916.670","9,916.670","0.02%"
"Jan 22, 2019","9,914.225","9,914.230","9,914.230","9,914.230","0.02%"
"Jan 21, 2019","9,911.785","9,911.790","9,911.790","9,911.790","0.02%"
"Jan 18, 2019","9,909.336","9,909.340","9,909.340","9,909.340","0.02%"
"Jan 17, 2019","9,906.897","9,906.900","9,906.900","9,906.900","0.02%"
"Jan 16, 2019","9,904.458","9,904.460","9,904.460","9,904.460","0.02%"
"Jan 15, 2019","9,902.020","9,902.020","9,902.020","9,902.020","0.02%"
"Jan 14, 2019","9,899.583","9,899.580","9,899.580","9,899.580","0.02%"
"Jan 11, 2019","9,897.146","9,897.150","9,897.150","9,897.150","0.02%"
"Jan 10, 2019","9,894.710","9,894.710","9,894.710","9,894.710","0.02%"
"Jan 09, 2019","9,892.275","9,892.280","9,892.280","9,892.280","0.02%"
"Jan 08, 2019","9,889.840","9,889.840","9,889.840","9,889.840","0.02%"
"Jan 07, 2019","9,887.405","9,887.410","9,887.410","9,887.410","0.02%"
"Jan 04, 2019","9,884.972","9,884.970","9,884.970","9,884.970","0.02%"
"Jan 03, 2019","9,882.539","9,882.540","9,882.540","9,882.540","0.02%"
"Jan 02, 2019","9,880.096","9,880.100","9,880.100","9,880.100","0.05%"
"Jan 01, 2019","9,875.233","9,875.230","9,875.230","9,875.230","0.00%"
"Dec 31, 2018","9,875.233","9,875.230","9,875.230","9,875.230","0.00%"
"Dec 28, 2018","9,875.233","9,875.230","9,875.230","9,875.230","0.02%"
"Dec 27, 2018","9,872.803","9,872.800","9,872.800","9,872.800","0.02%"
"Dec 26, 2018","9,870.372","9,870.370","9,870.370","9,870.370","0.02%"
"Dec 25, 2018","9,867.943","9,867.940","9,867.940","9,867.940","0.00%"
"Dec 24, 2018","9,867.943","9,867.940","9,867.940","9,867.940","0.02%"
"Dec 21, 2018","9,865.514","9,865.510","9,865.510","9,865.510","0.02%"
"Dec 20, 2018","9,863.086","9,863.090","9,863.090","9,863.090","0.02%"
"Dec 19, 2018","9,860.658","9,860.660","9,860.660","9,860.660","0.02%"
"Dec 18, 2018","9,858.231","9,858.230","9,858.230","9,858.230","0.02%"
"Dec 17, 2018","9,855.804","9,855.800","9,855.800","9,855.800","0.02%"
"Dec 14, 2018","9,853.379","9,853.380","9,853.380","9,853.380","0.02%"
"Dec 13, 2018","9,850.943","9,850.940","9,850.940","9,850.940","0.02%"
"Dec 12, 2018","9,848.519","9,848.520","9,848.520","9,848.520","0.02%"
"Dec 11, 2018","9,846.095","9,846.100","9,846.100","9,846.100","0.02%"
"Dec 10, 2018","9,843.671","9,843.670","9,843.670","9,843.670","0.02%"
"Dec 07, 2018","9,841.248","9,841.250","9,841.250","9,841.250","0.02%"
"Dec 06, 2018","9,838.826","9,838.830","9,838.830","9,838.830","0.02%"
"Dec 05, 2018","9,836.404","9,836.400","9,836.400","9,836.400","0.02%"
"Dec 04, 2018","9,833.983","9,833.980","9,833.980","9,833.980","0.02%"
"Dec 03, 2018","9,831.562","9,831.560","9,831.560","9,831.560","0.02%"
"Nov 30, 2018","9,829.143","9,829.140","9,829.140","9,829.140","0.02%"
"Nov 29, 2018","9,826.723","9,826.720","9,826.720","9,826.720","0.02%"
"Nov 28, 2018","9,824.304","9,824.300","9,824.300","9,824.300","0.02%"
"Nov 27, 2018","9,821.876","9,821.880","9,821.880","9,821.880","0.02%"
"Nov 26, 2018","9,819.459","9,819.460","9,819.460","9,819.460","0.05%"
"Nov 23, 2018","9,814.626","9,814.630","9,814.630","9,814.630","0.00%"
"Nov 22, 2018","9,814.626","9,814.630","9,814.630","9,814.630","0.10%"
"Nov 21, 2018","9,804.966","9,804.970","9,804.970","9,804.970","0.00%"
"Nov 20, 2018","9,804.966","9,804.970","9,804.970","9,804.970","0.00%"
"Nov 19, 2018","9,804.966","9,804.970","9,804.970","9,804.970","0.00%"
"Nov 16, 2018","9,804.966","9,804.970","9,804.970","9,804.970","0.00%"
"Nov 15, 2018","9,804.966","9,804.970","9,804.970","9,804.970","0.02%"
"Nov 14, 2018","9,802.553","9,802.550","9,802.550","9,802.550","0.02%"
"Nov 13, 2018","9,800.140","9,800.140","9,800.140","9,800.140","0.02%"
"Nov 12, 2018","9,797.728","9,797.730","9,797.730","9,797.730","0.02%"
"Nov 09, 2018","9,795.316","9,795.320","9,795.320","9,795.320","0.02%"
"Nov 08, 2018","9,792.895","9,792.900","9,792.900","9,792.900","0.02%"
"Nov 07, 2018","9,790.485","9,790.490","9,790.490","9,790.490","0.05%"
"Nov 06, 2018","9,785.646","9,785.650","9,785.650","9,785.650","0.00%"
"Nov 05, 2018","9,785.646","9,785.650","9,785.650","9,785.650","0.00%"
"Nov 02, 2018","9,785.646","9,785.650","9,785.650","9,785.650","0.02%"
"Nov 01, 2018","9,783.238","9,783.240","9,783.240","9,783.240","0.02%"
"Oct 31, 2018","9,780.830","9,780.830","9,780.830","9,780.830","0.02%"
"Oct 30, 2018","9,778.422","9,778.420","9,778.420","9,778.420","0.02%"
"Oct 29, 2018","9,776.015","9,776.020","9,776.020","9,776.020","0.02%"
"Oct 26, 2018","9,773.590","9,773.590","9,773.590","9,773.590","0.02%"
"Oct 25, 2018","9,771.184","9,771.180","9,771.180","9,771.180","0.02%"
"Oct 24, 2018","9,768.779","9,768.780","9,768.780","9,768.780","0.02%"
"Oct 23, 2018","9,766.374","9,766.370","9,766.370","9,766.370","0.02%"
"Oct 22, 2018","9,763.970","9,763.970","9,763.970","9,763.970","0.02%"
"Oct 19, 2018","9,761.577","9,761.580","9,761.580","9,761.580","0.02%"
"Oct 18, 2018","9,759.174","9,759.170","9,759.170","9,759.170","0.02%"
"Oct 17, 2018","9,756.792","9,756.790","9,756.790","9,756.790","0.02%"
"Oct 16, 2018","9,754.390","9,754.390","9,754.390","9,754.390","0.02%"
"Oct 15, 2018","9,751.970","9,751.970","9,751.970","9,751.970","0.00%"
"Oct 12, 2018","9,751.970","9,751.970","9,751.970","9,751.970","0.02%"
"Oct 11, 2018","9,749.550","9,749.550","9,749.550","9,749.550","0.02%"
"Oct 10, 2018","9,747.130","9,747.130","9,747.130","9,747.130","0.02%"
"Oct 09, 2018","9,744.731","9,744.730","9,744.730","9,744.730","0.02%"
"Oct 08, 2018","9,742.333","9,742.330","9,742.330","9,742.330","0.02%"
"Oct 05, 2018","9,739.915","9,739.920","9,739.920","9,739.920","0.02%"
"Oct 04, 2018","9,737.498","9,737.500","9,737.500","9,737.500","0.02%"
"Oct 03, 2018","9,735.082","9,735.080","9,735.080","9,735.080","0.02%"
"Oct 02, 2018","9,732.686","9,732.690","9,732.690","9,732.690","0.02%"
"Oct 01, 2018","9,730.271","9,730.270","9,730.270","9,730.270","0.02%"
"Sep 28, 2018","9,727.876","9,727.880","9,727.880","9,727.880","0.02%"
"Sep 27, 2018","9,725.462","9,725.460","9,725.460","9,725.460","0.02%"
"Sep 26, 2018","9,723.068","9,723.070","9,723.070","9,723.070","0.02%"
"Sep 25, 2018","9,720.656","9,720.660","9,720.660","9,720.660","0.02%"
"Sep 24, 2018","9,718.253","9,718.250","9,718.250","9,718.250","0.02%"
"Sep 21, 2018","9,715.842","9,715.840","9,715.840","9,715.840","0.02%"
"Sep 20, 2018","9,713.450","9,713.450","9,713.450","9,713.450","0.02%"
"Sep 19, 2018","9,711.040","9,711.040","9,711.040","9,711.040","0.02%"
"Sep 18, 2018","9,708.630","9,708.630","9,708.630","9,708.630","0.02%"
"Sep 17, 2018","9,706.241","9,706.240","9,706.240","9,706.240","0.02%"
"Sep 14, 2018","9,703.832","9,703.830","9,703.830","9,703.830","0.02%"
"Sep 13, 2018","9,701.424","9,701.420","9,701.420","9,701.420","0.02%"
"Sep 12, 2018","9,699.036","9,699.040","9,699.040","9,699.040","0.02%"
"Sep 11, 2018","9,696.630","9,696.630","9,696.630","9,696.630","0.02%"
"Sep 10, 2018","9,694.233","9,694.230","9,694.230","9,694.230","0.00%"
"Sep 07, 2018","9,694.233","9,694.230","9,694.230","9,694.230","0.02%"
"Sep 06, 2018","9,691.847","9,691.850","9,691.850","9,691.850","0.05%"
"Sep 05, 2018","9,687.077","9,687.080","9,687.080","9,687.080","0.00%"
"Sep 04, 2018","9,687.077","9,687.080","9,687.080","9,687.080","0.02%"
"Sep 03, 2018","9,684.673","9,684.670","9,684.670","9,684.670","0.02%"
"Sep 02, 2018","9,682.289","9,682.289","9,682.289","9,682.289","0.00%"
"Aug 31, 2018","9,682.289","9,682.290","9,682.290","9,682.290","0.02%"
"Aug 30, 2018","9,679.887","9,679.890","9,679.890","9,679.890","0.02%"
"Aug 29, 2018","9,677.494","9,677.490","9,677.490","9,677.490","0.02%"
"Aug 28, 2018","9,675.112","9,675.110","9,675.110","9,675.110","0.02%"
"Aug 27, 2018","9,672.731","9,672.730","9,672.730","9,672.730","0.02%"
"Aug 24, 2018","9,670.350","9,670.350","9,670.350","9,670.350","0.02%"
"Aug 23, 2018","9,667.970","9,667.970","9,667.970","9,667.970","0.02%"
"Aug 22, 2018","9,665.590","9,665.590","9,665.590","9,665.590","0.02%"
"Aug 21, 2018","9,663.182","9,663.180","9,663.180","9,663.180","0.02%"
"Aug 20, 2018","9,660.803","9,660.800","9,660.800","9,660.800","0.02%"
"Aug 17, 2018","9,658.426","9,658.430","9,658.430","9,658.430","0.02%"
"Aug 16, 2018","9,656.048","9,656.050","9,656.050","9,656.050","0.02%"
"Aug 15, 2018","9,653.672","9,653.670","9,653.670","9,653.670","0.02%"
"Aug 14, 2018","9,651.295","9,651.300","9,651.300","9,651.300","0.02%"
"Aug 13, 2018","9,648.910","9,648.910","9,648.910","9,648.910","0.02%"
"Aug 10, 2018","9,646.535","9,646.540","9,646.540","9,646.540","0.02%"
"Aug 09, 2018","9,644.161","9,644.160","9,644.160","9,644.160","0.02%"
"Aug 08, 2018","9,641.787","9,641.790","9,641.790","9,641.790","0.02%"
"Aug 07, 2018","9,639.414","9,639.410","9,639.410","9,639.410","0.02%"
"Aug 06, 2018","9,637.041","9,637.040","9,637.040","9,637.040","0.02%"
"Aug 03, 2018","9,634.669","9,634.670","9,634.670","9,634.670","0.02%"
"Aug 02, 2018","9,632.288","9,632.290","9,632.290","9,632.290","0.02%"
"Aug 01, 2018","9,629.917","9,629.920","9,629.920","9,629.920","0.02%"
"Jul 31, 2018","9,627.547","9,627.550","9,627.550","9,627.550","0.02%"
"Jul 30, 2018","9,625.177","9,625.180","9,625.180","9,625.180","0.02%"
"Jul 27, 2018","9,622.808","9,622.810","9,622.810","9,622.810","0.02%"
"Jul 26, 2018","9,620.439","9,620.440","9,620.440","9,620.440","0.02%"
"Jul 25, 2018","9,618.062","9,618.060","9,618.060","9,618.060","0.02%"
"Jul 24, 2018","9,615.694","9,615.690","9,615.690","9,615.690","0.03%"
"Jul 23, 2018","9,613.125","9,613.130","9,613.130","9,613.130","0.15%"
"Jul 20, 2018","9,599.110","9,599.110","9,599.110","9,599.110","0.00%"
"Jul 19, 2018","9,599.110","9,599.110","9,599.110","9,599.110","0.00%"
"Jul 18, 2018","9,599.110","9,599.110","9,599.110","9,599.110","0.00%"
"Jul 17, 2018","9,599.110","9,599.110","9,599.110","9,599.110","0.00%"
"Jul 16, 2018","9,599.110","9,599.110","9,599.110","9,599.110","0.00%"
"Jul 13, 2018","9,599.110","9,599.110","9,599.110","9,599.110","0.02%"
"Jul 12, 2018","9,596.728","9,596.730","9,596.730","9,596.730","0.02%"
"Jul 11, 2018","9,594.347","9,594.350","9,594.350","9,594.350","0.02%"
"Jul 10, 2018","9,591.976","9,591.980","9,591.980","9,591.980","0.02%"
"Jul 09, 2018","9,589.615","9,589.620","9,589.620","9,589.620","0.05%"
"Jul 06, 2018","9,584.876","9,584.880","9,584.880","9,584.880","0.00%"
"Jul 05, 2018","9,584.876","9,584.880","9,584.880","9,584.880","0.05%"
"Jul 04, 2018","9,580.148","9,580.150","9,580.150","9,580.150","0.00%"
"Jul 03, 2018","9,580.148","9,580.150","9,580.150","9,580.150","0.02%"
"Jul 02, 2018","9,577.790","9,577.790","9,577.790","9,577.790","0.02%"
"Jun 29, 2018","9,575.433","9,575.430","9,575.430","9,575.430","0.02%"
"Jun 28, 2018","9,573.076","9,573.080","9,573.080","9,573.080","0.02%"
"Jun 27, 2018","9,570.691","9,570.690","9,570.690","9,570.690","0.02%"
"Jun 26, 2018","9,568.316","9,568.320","9,568.320","9,568.320","0.02%"
"Jun 25, 2018","9,565.961","9,565.960","9,565.960","9,565.960","0.02%"
"Jun 22, 2018","9,563.606","9,563.610","9,563.610","9,563.610","0.02%"
"Jun 21, 2018","9,561.252","9,561.250","9,561.250","9,561.250","0.02%"
"Jun 20, 2018","9,558.918","9,558.920","9,558.920","9,558.920","0.02%"
"Jun 19, 2018","9,556.555","9,556.560","9,556.560","9,556.560","0.03%"
"Jun 18, 2018","9,554.165","9,554.170","9,554.170","9,554.170","0.05%"
"Jun 15, 2018","9,549.500","9,549.500","9,549.500","9,549.500","0.00%"
"Jun 14, 2018","9,549.500","9,549.500","9,549.500","9,549.500","0.02%"
"Jun 13, 2018","9,547.131","9,547.130","9,547.130","9,547.130","0.02%"
"Jun 12, 2018","9,544.800","9,544.800","9,544.800","9,544.800","0.02%"
"Jun 11, 2018","9,542.470","9,542.470","9,542.470","9,542.470","0.02%"
"Jun 08, 2018","9,540.111","9,540.110","9,540.110","9,540.110","0.02%"
"Jun 07, 2018","9,537.763","9,537.760","9,537.760","9,537.760","0.02%"
"Jun 06, 2018","9,535.416","9,535.420","9,535.420","9,535.420","0.02%"
"Jun 05, 2018","9,533.088","9,533.090","9,533.090","9,533.090","0.02%"
"Jun 04, 2018","9,530.789","9,530.790","9,530.790","9,530.790","0.02%"
"Jun 01, 2018","9,528.433","9,528.430","9,528.430","9,528.430","0.00%"
"May 31, 2018","9,528.433","9,528.430","9,528.430","9,528.430","0.02%"
"May 30, 2018","9,526.088","9,526.090","9,526.090","9,526.090","0.02%"
"May 29, 2018","9,523.762","9,523.760","9,523.760","9,523.760","0.07%"
"May 28, 2018","9,516.732","9,516.730","9,516.730","9,516.730","0.00%"
"May 25, 2018","9,516.732","9,516.730","9,516.730","9,516.730","0.00%"
"May 24, 2018","9,516.732","9,516.730","9,516.730","9,516.730","0.05%"
"May 23, 2018","9,512.047","9,512.050","9,512.050","9,512.050","0.00%"
"May 22, 2018","9,512.047","9,512.050","9,512.050","9,512.050","0.02%"
"May 21, 2018","9,509.763","9,509.760","9,509.760","9,509.760","0.02%"
"May 18, 2018","9,507.441","9,507.440","9,507.440","9,507.440","0.05%"
"May 17, 2018","9,502.809","9,502.810","9,502.810","9,502.810","0.00%"
"May 16, 2018","9,502.809","9,502.810","9,502.810","9,502.810","0.02%"
"May 15, 2018","9,500.489","9,500.490","9,500.490","9,500.490","0.02%"
"May 14, 2018","9,498.151","9,498.150","9,498.150","9,498.150","0.02%"
"May 11, 2018","9,495.813","9,495.810","9,495.810","9,495.810","0.02%"
"May 10, 2018","9,493.494","9,493.490","9,493.490","9,493.490","0.02%"
"May 09, 2018","9,491.158","9,491.160","9,491.160","9,491.160","0.02%"
"May 08, 2018","9,488.822","9,488.820","9,488.820","9,488.820","0.05%"
"May 07, 2018","9,484.170","9,484.170","9,484.170","9,484.170","0.00%"
"May 04, 2018","9,484.170","9,484.170","9,484.170","9,484.170","0.02%"
"May 03, 2018","9,481.836","9,481.840","9,481.840","9,481.840","0.02%"
"May 02, 2018","9,479.490","9,479.490","9,479.490","9,479.490","0.00%"
"May 01, 2018","9,479.490","9,479.490","9,479.490","9,479.490","0.05%"
"Apr 30, 2018","9,474.850","9,474.850","9,474.850","9,474.850","0.00%"
"Apr 27, 2018","9,474.850","9,474.850","9,474.850","9,474.850","0.02%"
"Apr 26, 2018","9,472.560","9,472.560","9,472.560","9,472.560","0.05%"
"Apr 25, 2018","9,467.900","9,467.900","9,467.900","9,467.900","0.00%"
"Apr 24, 2018","9,467.900","9,467.900","9,467.900","9,467.900","0.02%"
"Apr 23, 2018","9,465.570","9,465.570","9,465.570","9,465.570","0.02%"
"Apr 20, 2018","9,463.240","9,463.240","9,463.240","9,463.240","0.02%"
"Apr 19, 2018","9,460.910","9,460.910","9,460.910","9,460.910","0.02%"
"Apr 18, 2018","9,458.570","9,458.570","9,458.570","9,458.570","0.02%"
"Apr 17, 2018","9,456.240","9,456.240","9,456.240","9,456.240","0.02%"
"Apr 16, 2018","9,453.910","9,453.910","9,453.910","9,453.910","0.02%"
"Apr 13, 2018","9,451.590","9,451.590","9,451.590","9,451.590","0.02%"
"Apr 12, 2018","9,449.260","9,449.260","9,449.260","9,449.260","0.02%"
"Apr 11, 2018","9,446.940","9,446.940","9,446.940","9,446.940","0.02%"
"Apr 10, 2018","9,444.610","9,444.610","9,444.610","9,444.610","0.02%"
"Apr 09, 2018","9,442.290","9,442.290","9,442.290","9,442.290","0.02%"
"Apr 06, 2018","9,439.960","9,439.960","9,439.960","9,439.960","0.02%"
"Apr 05, 2018","9,437.630","9,437.630","9,437.630","9,437.630","0.02%"
"Apr 04, 2018","9,435.310","9,435.310","9,435.310","9,435.310","0.02%"
"Apr 03, 2018","9,432.980","9,432.980","9,432.980","9,432.980","0.02%"
"Apr 02, 2018","9,430.660","9,430.660","9,430.660","9,430.660","0.02%"
"Mar 30, 2018","9,428.340","9,428.340","9,428.340","9,428.340","0.00%"
"Mar 29, 2018","9,428.340","9,428.340","9,428.340","9,428.340","0.02%"
"Mar 28, 2018","9,426.020","9,426.020","9,426.020","9,426.020","0.02%"
"Mar 27, 2018","9,423.700","9,423.700","9,423.700","9,423.700","0.02%"
"Mar 26, 2018","9,421.380","9,421.380","9,421.380","9,421.380","0.02%"
"Mar 23, 2018","9,419.060","9,419.060","9,419.060","9,419.060","0.03%"
"Mar 22, 2018","9,416.650","9,416.650","9,416.650","9,416.650","0.03%"
"Mar 21, 2018","9,414.240","9,414.240","9,414.240","9,414.240","0.03%"
"Mar 20, 2018","9,411.830","9,411.830","9,411.830","9,411.830","0.03%"
"Mar 19, 2018","9,409.430","9,409.430","9,409.430","9,409.430","0.08%"
"Mar 16, 2018","9,402.220","9,402.220","9,402.220","9,402.220","0.00%"
"Mar 15, 2018","9,402.220","9,402.220","9,402.220","9,402.220","0.00%"
"Mar 14, 2018","9,402.220","9,402.220","9,402.220","9,402.220","0.03%"
"Mar 13, 2018","9,399.820","9,399.820","9,399.820","9,399.820","0.03%"
"Mar 12, 2018","9,397.420","9,397.420","9,397.420","9,397.420","0.05%"
"Mar 09, 2018","9,392.610","9,392.610","9,392.610","9,392.610","0.00%"
"Mar 08, 2018","9,392.610","9,392.610","9,392.610","9,392.610","0.03%"
"Mar 07, 2018","9,390.210","9,390.210","9,390.210","9,390.210","0.03%"
"Mar 06, 2018","9,387.810","9,387.810","9,387.810","9,387.810","0.03%"
"Mar 05, 2018","9,385.410","9,385.410","9,385.410","9,385.410","0.03%"
"Mar 02, 2018","9,383.010","9,383.010","9,383.010","9,383.010","0.03%"
"Mar 01, 2018","9,380.620","9,380.620","9,380.620","9,380.620","0.03%"
"Feb 28, 2018","9,378.240","9,378.240","9,378.240","9,378.240","0.03%"
"Feb 27, 2018","9,375.870","9,375.870","9,375.870","9,375.870","0.03%"
"Feb 26, 2018","9,373.480","9,373.480","9,373.480","9,373.480","0.03%"
"Feb 23, 2018","9,371.080","9,371.080","9,371.080","9,371.080","0.03%"
"Feb 22, 2018","9,368.680","9,368.680","9,368.680","9,368.680","0.03%"
"Feb 21, 2018","9,366.290","9,366.290","9,366.290","9,366.290","0.03%"
"Feb 20, 2018","9,363.890","9,363.890","9,363.890","9,363.890","0.03%"
"Feb 19, 2018","9,361.500","9,361.500","9,361.500","9,361.500","0.03%"
"Feb 16, 2018","9,359.110","9,359.110","9,359.110","9,359.110","0.03%"
"Feb 15, 2018","9,356.690","9,356.690","9,356.690","9,356.690","0.03%"
"Feb 14, 2018","9,354.300","9,354.300","9,354.300","9,354.300","0.00%"
"Feb 13, 2018","9,354.300","9,354.300","9,354.300","9,354.300","0.00%"
"Feb 12, 2018","9,354.300","9,354.300","9,354.300","9,354.300","0.03%"
"Feb 09, 2018","9,351.910","9,351.910","9,351.910","9,351.910","0.05%"
"Feb 08, 2018","9,347.010","9,347.010","9,347.010","9,347.010","0.00%"
"Feb 07, 2018","9,347.010","9,347.010","9,347.010","9,347.010","0.03%"
"Feb 06, 2018","9,344.560","9,344.560","9,344.560","9,344.560","0.03%"
"Feb 05, 2018","9,342.080","9,342.080","9,342.080","9,342.080","0.03%"
"Feb 02, 2018","9,339.600","9,339.600","9,339.600","9,339.600","0.03%"
"Feb 01, 2018","9,337.130","9,337.130","9,337.130","9,337.130","0.03%"
"Jan 31, 2018","9,334.660","9,334.660","9,334.660","9,334.660","0.03%"
"Jan 30, 2018","9,332.190","9,332.190","9,332.190","9,332.190","0.03%"
"Jan 29, 2018","9,329.720","9,329.720","9,329.720","9,329.720","0.03%"
"Jan 26, 2018","9,327.250","9,327.250","9,327.250","9,327.250","0.03%"
"Jan 25, 2018","9,324.780","9,324.780","9,324.780","9,324.780","0.03%"
"Jan 24, 2018","9,322.310","9,322.310","9,322.310","9,322.310","0.03%"
"Jan 23, 2018","9,319.840","9,319.840","9,319.840","9,319.840","0.03%"
"Jan 22, 2018","9,317.370","9,317.370","9,317.370","9,317.370","0.03%"
"Jan 19, 2018","9,314.900","9,314.900","9,314.900","9,314.900","0.03%"
"Jan 18, 2018","9,312.430","9,312.430","9,312.430","9,312.430","0.03%"
"Jan 17, 2018","9,309.970","9,309.970","9,309.970","9,309.970","0.03%"
"Jan 16, 2018","9,307.500","9,307.500","9,307.500","9,307.500","0.03%"
"Jan 15, 2018","9,305.040","9,305.040","9,305.040","9,305.040","0.03%"
"Jan 12, 2018","9,302.580","9,302.580","9,302.580","9,302.580","0.03%"
"Jan 11, 2018","9,300.110","9,300.110","9,300.110","9,300.110","0.03%"
"Jan 10, 2018","9,297.650","9,297.650","9,297.650","9,297.650","0.03%"
"Jan 09, 2018","9,295.190","9,295.190","9,295.190","9,295.190","0.03%"
"Jan 08, 2018","9,292.700","9,292.700","9,292.700","9,292.700","0.03%"
"Jan 05, 2018","9,290.240","9,290.240","9,290.240","9,290.240","0.03%"
"Jan 04, 2018","9,287.780","9,287.780","9,287.780","9,287.780","0.03%"
"Jan 03, 2018","9,285.320","9,285.320","9,285.320","9,285.320","0.03%"
"Jan 02, 2018","9,282.860","9,282.860","9,282.860","9,282.860","0.03%"
"Jan 01, 2018","9,280.410","9,280.410","9,280.410","9,280.410","0.00%"
"Dec 29, 2017","9,280.410","9,280.410","9,280.410","9,280.410","0.03%"
"Dec 28, 2017","9,277.940","9,277.940","9,277.940","9,277.940","0.03%"
"Dec 27, 2017","9,275.480","9,275.480","9,275.480","9,275.480","0.05%"
"Dec 26, 2017","9,270.570","9,270.570","9,270.570","9,270.570","0.00%"
"Dec 25, 2017","9,270.570","9,270.570","9,270.570","9,270.570","0.00%"
"Dec 22, 2017","9,270.570","9,270.570","9,270.570","9,270.570","0.03%"
"Dec 21, 2017","9,268.120","9,268.120","9,268.120","9,268.120","0.03%"
"Dec 20, 2017","9,265.660","9,265.660","9,265.660","9,265.660","0.03%"
"Dec 19, 2017","9,263.210","9,263.210","9,263.210","9,263.210","0.03%"
"Dec 18, 2017","9,260.760","9,260.760","9,260.760","9,260.760","0.03%"
"Dec 15, 2017","9,258.280","9,258.280","9,258.280","9,258.280","0.03%"
"Dec 14, 2017","9,255.830","9,255.830","9,255.830","9,255.830","0.03%"
"Dec 13, 2017","9,253.380","9,253.380","9,253.380","9,253.380","0.03%"
"Dec 12, 2017","9,250.930","9,250.930","9,250.930","9,250.930","0.03%"
"Dec 11, 2017","9,248.480","9,248.480","9,248.480","9,248.480","0.03%"
"Dec 08, 2017","9,246.000","9,246.000","9,246.000","9,246.000","0.03%"
"Dec 07, 2017","9,243.360","9,243.360","9,243.360","9,243.360","0.03%"
"Dec 06, 2017","9,240.740","9,240.740","9,240.740","9,240.740","0.03%"
"Dec 05, 2017","9,238.120","9,238.120","9,238.120","9,238.120","0.03%"
"Dec 04, 2017","9,235.500","9,235.500","9,235.500","9,235.500","0.03%"
"Dec 01, 2017","9,232.910","9,232.910","9,232.910","9,232.910","0.03%"
"Nov 30, 2017","9,230.290","9,230.290","9,230.290","9,230.290","0.03%"
"Nov 29, 2017","9,227.710","9,227.710","9,227.710","9,227.710","0.03%"
"Nov 28, 2017","9,225.040","9,225.040","9,225.040","9,225.040","0.11%"
"Nov 27, 2017","9,214.590","9,214.590","9,214.590","9,214.590","0.00%"
"Nov 24, 2017","9,214.590","9,214.590","9,214.590","9,214.590","0.00%"
"Nov 23, 2017","9,214.590","9,214.590","9,214.590","9,214.590","0.00%"
"Nov 22, 2017","9,214.590","9,214.590","9,214.590","9,214.590","0.03%"
"Nov 21, 2017","9,211.980","9,211.980","9,211.980","9,211.980","0.03%"
"Nov 20, 2017","9,209.370","9,209.370","9,209.370","9,209.370","0.06%"
"Nov 17, 2017","9,204.140","9,204.140","9,204.140","9,204.140","0.00%"
"Nov 16, 2017","9,204.140","9,204.140","9,204.140","9,204.140","0.00%"
"Nov 15, 2017","9,204.140","9,204.140","9,204.140","9,204.140","0.03%"
"Nov 14, 2017","9,201.540","9,201.540","9,201.540","9,201.540","0.03%"
"Nov 13, 2017","9,198.930","9,198.930","9,198.930","9,198.930","0.03%"
"Nov 10, 2017","9,196.320","9,196.320","9,196.320","9,196.320","0.03%"
"Nov 09, 2017","9,193.720","9,193.720","9,193.720","9,193.720","0.03%"
"Nov 08, 2017","9,191.140","9,191.140","9,191.140","9,191.140","0.03%"
"Nov 07, 2017","9,188.510","9,188.510","9,188.510","9,188.510","0.03%"
"Nov 06, 2017","9,185.880","9,185.880","9,185.880","9,185.880","0.03%"
"Nov 03, 2017","9,183.280","9,183.280","9,183.280","9,183.280","0.00%"
"Nov 02, 2017","9,183.280","9,183.280","9,183.280","9,183.280","0.03%"
"Nov 01, 2017","9,180.680","9,180.680","9,180.680","9,180.680","0.03%"
"Oct 31, 2017","9,178.050","9,178.050","9,178.050","9,178.050","0.03%"
"Oct 30, 2017","9,175.440","9,175.440","9,175.440","9,175.440","0.03%"
"Oct 27, 2017","9,172.830","9,172.830","9,172.830","9,172.830","0.03%"
"Oct 26, 2017","9,169.950","9,169.950","9,169.950","9,169.950","0.03%"
"Oct 25, 2017","9,167.070","9,167.070","9,167.070","9,167.070","0.06%"
"Oct 24, 2017","9,161.290","9,161.290","9,161.290","9,161.290","0.00%"
"Oct 23, 2017","9,161.290","9,161.290","9,161.290","9,161.290","0.03%"
"Oct 20, 2017","9,158.380","9,158.380","9,158.380","9,158.380","0.03%"
"Oct 19, 2017","9,155.480","9,155.480","9,155.480","9,155.480","0.03%"
"Oct 18, 2017","9,152.640","9,152.640","9,152.640","9,152.640","0.03%"
"Oct 17, 2017","9,149.710","9,149.710","9,149.710","9,149.710","0.03%"
"Oct 16, 2017","9,146.810","9,146.810","9,146.810","9,146.810","0.03%"
"Oct 13, 2017","9,143.910","9,143.910","9,143.910","9,143.910","0.00%"
"Oct 12, 2017","9,143.910","9,143.910","9,143.910","9,143.910","0.03%"
"Oct 11, 2017","9,140.970","9,140.970","9,140.970","9,140.970","0.03%"
"Oct 10, 2017","9,138.040","9,138.040","9,138.040","9,138.040","0.03%"
"Oct 09, 2017","9,135.120","9,135.120","9,135.120","9,135.120","0.03%"
"Oct 06, 2017","9,132.140","9,132.140","9,132.140","9,132.140","0.03%"
"Oct 05, 2017","9,129.220","9,129.220","9,129.220","9,129.220","0.03%"
"Oct 04, 2017","9,126.330","9,126.330","9,126.330","9,126.330","0.03%"
"Oct 03, 2017","9,123.440","9,123.440","9,123.440","9,123.440","0.03%"
"Oct 02, 2017","9,120.580","9,120.580","9,120.580","9,120.580","0.03%"
"Sep 29, 2017","9,117.660","9,117.660","9,117.660","9,117.660","0.03%"
"Sep 28, 2017","9,114.800","9,114.800","9,114.800","9,114.800","0.03%"
"Sep 27, 2017","9,111.880","9,111.880","9,111.880","9,111.880","0.03%"
"Sep 26, 2017","9,108.940","9,108.940","9,108.940","9,108.940","0.03%"
"Sep 25, 2017","9,106.030","9,106.030","9,106.030","9,106.030","0.03%"
"Sep 22, 2017","9,103.060","9,103.060","9,103.060","9,103.060","0.03%"
"Sep 21, 2017","9,100.150","9,100.150","9,100.150","9,100.150","0.03%"
"Sep 20, 2017","9,097.250","9,097.250","9,097.250","9,097.250","0.03%"
"Sep 19, 2017","9,094.370","9,094.370","9,094.370","9,094.370","0.03%"
"Sep 18, 2017","9,091.540","9,091.540","9,091.540","9,091.540","0.03%"
"Sep 15, 2017","9,088.690","9,088.690","9,088.690","9,088.690","0.03%"
"Sep 14, 2017","9,085.860","9,085.860","9,085.860","9,085.860","0.03%"
"Sep 13, 2017","9,083.030","9,083.030","9,083.030","9,083.030","0.03%"
"Sep 12, 2017","9,080.200","9,080.200","9,080.200","9,080.200","0.03%"
"Sep 11, 2017","9,077.350","9,077.350","9,077.350","9,077.350","0.04%"
"Sep 08, 2017","9,074.170","9,074.170","9,074.170","9,074.170","0.00%"
"Sep 07, 2017","9,074.170","9,074.170","9,074.170","9,074.170","0.03%"
"Sep 06, 2017","9,071.010","9,071.010","9,071.010","9,071.010","0.03%"
"Sep 05, 2017","9,067.860","9,067.860","9,067.860","9,067.860","0.04%"
"Sep 04, 2017","9,064.680","9,064.680","9,064.680","9,064.680","0.03%"
"Sep 01, 2017","9,061.520","9,061.520","9,061.520","9,061.520","0.03%"
"Aug 31, 2017","9,058.350","9,058.350","9,058.350","9,058.350","0.04%"
"Aug 30, 2017","9,055.160","9,055.160","9,055.160","9,055.160","0.04%"
"Aug 29, 2017","9,051.990","9,051.990","9,051.990","9,051.990","0.03%"
"Aug 28, 2017","9,048.870","9,048.870","9,048.870","9,048.870","0.03%"
"Aug 25, 2017","9,045.720","9,045.720","9,045.720","9,045.720","0.04%"
"Aug 24, 2017","9,042.550","9,042.550","9,042.550","9,042.550","0.04%"
"Aug 23, 2017","9,039.370","9,039.370","9,039.370","9,039.370","0.03%"
"Aug 22, 2017","9,036.230","9,036.230","9,036.230","9,036.230","0.03%"
"Aug 21, 2017","9,033.100","9,033.100","9,033.100","9,033.100","0.03%"
"Aug 18, 2017","9,029.950","9,029.950","9,029.950","9,029.950","0.03%"
"Aug 17, 2017","9,026.810","9,026.810","9,026.810","9,026.810","0.03%"
"Aug 16, 2017","9,023.670","9,023.670","9,023.670","9,023.670","0.03%"
"Aug 15, 2017","9,020.530","9,020.530","9,020.530","9,020.530","0.03%"
"Aug 14, 2017","9,017.390","9,017.390","9,017.390","9,017.390","0.03%"
"Aug 11, 2017","9,014.260","9,014.260","9,014.260","9,014.260","0.03%"
"Aug 10, 2017","9,011.130","9,011.130","9,011.130","9,011.130","0.04%"
"Aug 09, 2017","9,007.960","9,007.960","9,007.960","9,007.960","0.03%"
"Aug 08, 2017","9,004.830","9,004.830","9,004.830","9,004.830","0.03%"
"Aug 07, 2017","9,001.690","9,001.690","9,001.690","9,001.690","0.14%"
"Aug 04, 2017","8,989.130","8,989.130","8,989.130","8,989.130","0.00%"
"Aug 03, 2017","8,989.130","8,989.130","8,989.130","8,989.130","0.00%"
"Aug 02, 2017","8,989.130","8,989.130","8,989.130","8,989.130","0.00%"
"Aug 01, 2017","8,989.130","8,989.130","8,989.130","8,989.130","0.03%"
"Jul 31, 2017","8,986.000","8,986.000","8,986.000","8,986.000","0.04%"
"Jul 28, 2017","8,982.850","8,982.850","8,982.850","8,982.850","0.04%"
"Jul 27, 2017","8,979.370","8,979.370","8,979.370","8,979.370","0.04%"
"Jul 26, 2017","8,975.900","8,975.900","8,975.900","8,975.900","0.04%"
"Jul 25, 2017","8,972.420","8,972.420","8,972.420","8,972.420","0.04%"
"Jul 24, 2017","8,968.920","8,968.920","8,968.920","8,968.920","0.04%"
"Jul 21, 2017","8,965.420","8,965.420","8,965.420","8,965.420","0.04%"
"Jul 20, 2017","8,961.950","8,961.950","8,961.950","8,961.950","0.04%"
"Jul 19, 2017","8,958.480","8,958.480","8,958.480","8,958.480","0.04%"
"Jul 18, 2017","8,954.980","8,954.980","8,954.980","8,954.980","0.04%"
"Jul 17, 2017","8,951.460","8,951.460","8,951.460","8,951.460","0.04%"
"Jul 14, 2017","8,947.860","8,947.860","8,947.860","8,947.860","0.04%"
"Jul 13, 2017","8,944.360","8,944.360","8,944.360","8,944.360","0.04%"
"Jul 12, 2017","8,940.870","8,940.870","8,940.870","8,940.870","0.04%"
"Jul 11, 2017","8,937.390","8,937.390","8,937.390","8,937.390","0.04%"
"Jul 10, 2017","8,933.840","8,933.840","8,933.840","8,933.840","0.04%"
"Jul 07, 2017","8,930.290","8,930.290","8,930.290","8,930.290","0.04%"
"Jul 06, 2017","8,926.810","8,926.810","8,926.810","8,926.810","0.04%"
"Jul 05, 2017","8,923.260","8,923.260","8,923.260","8,923.260","0.12%"
"Jul 04, 2017","8,912.760","8,912.760","8,912.760","8,912.760","0.00%"
"Jul 03, 2017","8,912.760","8,912.760","8,912.760","8,912.760","0.00%"
"Jun 30, 2017","8,912.760","8,912.760","8,912.760","8,912.760","0.04%"
"Jun 29, 2017","8,909.140","8,909.140","8,909.140","8,909.140","0.04%"
"Jun 28, 2017","8,905.570","8,905.570","8,905.570","8,905.570","0.04%"
"Jun 27, 2017","8,902.100","8,902.100","8,902.100","8,902.100","0.04%"
"Jun 26, 2017","8,898.570","8,898.570","8,898.570","8,898.570","0.04%"
"Jun 23, 2017","8,895.030","8,895.030","8,895.030","8,895.030","0.04%"
"Jun 22, 2017","8,891.390","8,891.390","8,891.390","8,891.390","0.04%"
"Jun 21, 2017","8,887.740","8,887.740","8,887.740","8,887.740","0.04%"
"Jun 20, 2017","8,883.960","8,883.960","8,883.960","8,883.960","0.04%"
"Jun 19, 2017","8,880.260","8,880.260","8,880.260","8,880.260","0.04%"
"Jun 16, 2017","8,876.540","8,876.540","8,876.540","8,876.540","0.00%"
"Jun 15, 2017","8,876.540","8,876.540","8,876.540","8,876.540","0.04%"
"Jun 14, 2017","8,873.010","8,873.010","8,873.010","8,873.010","0.04%"
"Jun 13, 2017","8,869.430","8,869.430","8,869.430","8,869.430","0.04%"
"Jun 12, 2017","8,865.930","8,865.930","8,865.930","8,865.930","0.04%"
"Jun 09, 2017","8,862.230","8,862.230","8,862.230","8,862.230","0.04%"
"Jun 08, 2017","8,858.740","8,858.740","8,858.740","8,858.740","0.04%"
"Jun 07, 2017","8,855.250","8,855.250","8,855.250","8,855.250","0.04%"
"Jun 06, 2017","8,851.680","8,851.680","8,851.680","8,851.680","0.04%"
"Jun 05, 2017","8,847.980","8,847.980","8,847.980","8,847.980","0.08%"
"Jun 02, 2017","8,840.510","8,840.510","8,840.510","8,840.510","0.00%"
"Jun 01, 2017","8,840.510","8,840.510","8,840.510","8,840.510","0.04%"
"May 31, 2017","8,836.630","8,836.630","8,836.630","8,836.630","0.04%"
"May 30, 2017","8,832.760","8,832.760","8,832.760","8,832.760","0.04%"
"May 29, 2017","8,828.820","8,828.820","8,828.820","8,828.820","0.04%"
"May 26, 2017","8,825.050","8,825.050","8,825.050","8,825.050","0.04%"
"May 25, 2017","8,821.250","8,821.250","8,821.250","8,821.250","0.04%"
"May 24, 2017","8,817.490","8,817.490","8,817.490","8,817.490","0.04%"
"May 23, 2017","8,813.780","8,813.780","8,813.780","8,813.780","0.04%"
"May 22, 2017","8,810.070","8,810.070","8,810.070","8,810.070","0.04%"
"May 19, 2017","8,806.340","8,806.340","8,806.340","8,806.340","0.04%"
"May 18, 2017","8,802.630","8,802.630","8,802.630","8,802.630","0.04%"
"May 17, 2017","8,798.870","8,798.870","8,798.870","8,798.870","0.04%"
"May 16, 2017","8,795.170","8,795.170","8,795.170","8,795.170","0.04%"
"May 15, 2017","8,791.470","8,791.470","8,791.470","8,791.470","0.04%"
"May 12, 2017","8,787.750","8,787.750","8,787.750","8,787.750","0.04%"
"May 11, 2017","8,784.050","8,784.050","8,784.050","8,784.050","0.04%"
"May 10, 2017","8,780.350","8,780.350","8,780.350","8,780.350","0.04%"
"May 09, 2017","8,776.660","8,776.660","8,776.660","8,776.660","0.04%"
"May 08, 2017","8,772.970","8,772.970","8,772.970","8,772.970","0.04%"
"May 05, 2017","8,769.280","8,769.280","8,769.280","8,769.280","0.04%"
"May 04, 2017","8,765.580","8,765.580","8,765.580","8,765.580","0.04%"
"May 03, 2017","8,761.900","8,761.900","8,761.900","8,761.900","0.04%"
"May 02, 2017","8,758.220","8,758.220","8,758.220","8,758.220","0.00%"
"May 01, 2017","8,758.220","8,758.220","8,758.220","8,758.220","0.04%"
"Apr 28, 2017","8,754.530","8,754.530","8,754.530","8,754.530","0.04%"
"Apr 27, 2017","8,750.850","8,750.850","8,750.850","8,750.850","0.04%"
"Apr 26, 2017","8,747.170","8,747.170","8,747.170","8,747.170","0.04%"
"Apr 25, 2017","8,743.490","8,743.490","8,743.490","8,743.490","0.04%"
"Apr 24, 2017","8,739.780","8,739.780","8,739.780","8,739.780","0.00%"
"Apr 21, 2017","8,739.780","8,739.780","8,739.780","8,739.780","0.04%"
"Apr 20, 2017","8,736.100","8,736.100","8,736.100","8,736.100","0.08%"
"Apr 19, 2017","8,728.750","8,728.750","8,728.750","8,728.750","0.00%"
"Apr 18, 2017","8,728.750","8,728.750","8,728.750","8,728.750","0.04%"
"Apr 17, 2017","8,725.080","8,725.080","8,725.080","8,725.080","0.05%"
"Apr 14, 2017","8,721.100","8,721.100","8,721.100","8,721.100","0.00%"
"Apr 13, 2017","8,721.100","8,721.100","8,721.100","8,721.100","0.05%"
"Apr 12, 2017","8,717.130","8,717.130","8,717.130","8,717.130","0.05%"
"Apr 11, 2017","8,713.120","8,713.120","8,713.120","8,713.120","0.05%"
"Apr 10, 2017","8,709.150","8,709.150","8,709.150","8,709.150","0.05%"
"Apr 07, 2017","8,705.180","8,705.180","8,705.180","8,705.180","0.05%"
"Apr 06, 2017","8,701.170","8,701.170","8,701.170","8,701.170","0.05%"
"Apr 05, 2017","8,697.170","8,697.170","8,697.170","8,697.170","0.05%"
"Apr 04, 2017","8,693.210","8,693.210","8,693.210","8,693.210","0.05%"
"Apr 03, 2017","8,689.210","8,689.210","8,689.210","8,689.210","0.05%"
"Mar 31, 2017","8,685.220","8,685.220","8,685.220","8,685.220","0.05%"
"Mar 30, 2017","8,681.220","8,681.220","8,681.220","8,681.220","0.05%"
"Mar 29, 2017","8,677.230","8,677.230","8,677.230","8,677.230","0.05%"
"Mar 28, 2017","8,673.250","8,673.250","8,673.250","8,673.250","0.05%"
"Mar 27, 2017","8,669.260","8,669.260","8,669.260","8,669.260","0.05%"
"Mar 24, 2017","8,665.270","8,665.270","8,665.270","8,665.270","0.05%"
"Mar 23, 2017","8,661.300","8,661.300","8,661.300","8,661.300","0.05%"
"Mar 22, 2017","8,657.370","8,657.370","8,657.370","8,657.370","0.05%"
"Mar 21, 2017","8,653.420","8,653.420","8,653.420","8,653.420","0.05%"
"Mar 20, 2017","8,649.450","8,649.450","8,649.450","8,649.450","0.09%"
"Mar 17, 2017","8,641.550","8,641.550","8,641.550","8,641.550","0.00%"
"Mar 16, 2017","8,641.550","8,641.550","8,641.550","8,641.550","0.05%"
"Mar 15, 2017","8,637.580","8,637.580","8,637.580","8,637.580","0.05%"
"Mar 14, 2017","8,633.640","8,633.640","8,633.640","8,633.640","0.05%"
"Mar 13, 2017","8,629.730","8,629.730","8,629.730","8,629.730","0.05%"
"Mar 10, 2017","8,625.800","8,625.800","8,625.800","8,625.800","0.05%"
"Mar 09, 2017","8,621.830","8,621.830","8,621.830","8,621.830","0.05%"
"Mar 08, 2017","8,617.900","8,617.900","8,617.900","8,617.900","0.05%"
"Mar 07, 2017","8,613.970","8,613.970","8,613.970","8,613.970","0.05%"
"Mar 06, 2017","8,610.030","8,610.030","8,610.030","8,610.030","0.05%"
"Mar 03, 2017","8,606.110","8,606.110","8,606.110","8,606.110","0.05%"
"Mar 02, 2017","8,602.210","8,602.210","8,602.210","8,602.210","0.05%"
"Mar 01, 2017","8,598.310","8,598.310","8,598.310","8,598.310","0.00%"
"Feb 28, 2017","8,598.310","8,598.310","8,598.310","8,598.310","0.00%"
"Feb 27, 2017","8,598.310","8,598.310","8,598.310","8,598.310","0.05%"
"Feb 24, 2017","8,594.370","8,594.370","8,594.370","8,594.370","0.05%"
"Feb 23, 2017","8,590.210","8,590.210","8,590.210","8,590.210","0.05%"
"Feb 22, 2017","8,586.040","8,586.040","8,586.040","8,586.040","0.05%"
"Feb 21, 2017","8,581.890","8,581.890","8,581.890","8,581.890","0.05%"
"Feb 20, 2017","8,577.750","8,577.750","8,577.750","8,577.750","0.05%"
"Feb 17, 2017","8,573.620","8,573.620","8,573.620","8,573.620","0.05%"
"Feb 16, 2017","8,569.450","8,569.450","8,569.450","8,569.450","0.05%"
"Feb 15, 2017","8,565.310","8,565.310","8,565.310","8,565.310","0.05%"
"Feb 14, 2017","8,561.150","8,561.150","8,561.150","8,561.150","0.05%"
"Feb 13, 2017","8,557.010","8,557.010","8,557.010","8,557.010","0.05%"
"Feb 10, 2017","8,552.920","8,552.920","8,552.920","8,552.920","0.05%"
"Feb 09, 2017","8,548.780","8,548.780","8,548.780","8,548.780","0.05%"
"Feb 08, 2017","8,544.690","8,544.690","8,544.690","8,544.690","0.05%"
"Feb 07, 2017","8,540.560","8,540.560","8,540.560","8,540.560","0.05%"
"Feb 06, 2017","8,536.410","8,536.410","8,536.410","8,536.410","0.05%"
"Feb 03, 2017","8,532.320","8,532.320","8,532.320","8,532.320","0.05%"
"Feb 02, 2017","8,528.200","8,528.200","8,528.200","8,528.200","0.05%"
"Feb 01, 2017","8,524.060","8,524.060","8,524.060","8,524.060","0.05%"
"Jan 31, 2017","8,519.940","8,519.940","8,519.940","8,519.940","0.05%"
"Jan 30, 2017","8,515.830","8,515.830","8,515.830","8,515.830","0.05%"
"Jan 27, 2017","8,511.720","8,511.720","8,511.720","8,511.720","0.05%"
"Jan 26, 2017","8,507.610","8,507.610","8,507.610","8,507.610","0.05%"
"Jan 25, 2017","8,503.510","8,503.510","8,503.510","8,503.510","0.05%"
"Jan 24, 2017","8,499.400","8,499.400","8,499.400","8,499.400","0.05%"
"Jan 23, 2017","8,495.300","8,495.300","8,495.300","8,495.300","0.05%"
"Jan 20, 2017","8,491.200","8,491.200","8,491.200","8,491.200","0.05%"
"Jan 19, 2017","8,487.100","8,487.100","8,487.100","8,487.100","0.05%"
"Jan 18, 2017","8,482.970","8,482.970","8,482.970","8,482.970","0.05%"
"Jan 17, 2017","8,478.880","8,478.880","8,478.880","8,478.880","0.05%"
"Jan 16, 2017","8,474.850","8,474.850","8,474.850","8,474.850","0.05%"
"Jan 13, 2017","8,470.790","8,470.790","8,470.790","8,470.790","0.05%"
"Jan 12, 2017","8,466.630","8,466.630","8,466.630","8,466.630","0.05%"
"Jan 11, 2017","8,462.510","8,462.510","8,462.510","8,462.510","0.05%"
"Jan 10, 2017","8,458.260","8,458.260","8,458.260","8,458.260","0.05%"
"Jan 09, 2017","8,454.110","8,454.110","8,454.110","8,454.110","0.05%"
"Jan 06, 2017","8,450.060","8,450.060","8,450.060","8,450.060","0.05%"
"Jan 05, 2017","8,445.840","8,445.840","8,445.840","8,445.840","0.05%"
"Jan 04, 2017","8,441.580","8,441.580","8,441.580","8,441.580","0.05%"
"Jan 03, 2017","8,437.350","8,437.350","8,437.350","8,437.350","0.10%"
"Jan 02, 2017","8,428.790","8,428.790","8,428.790","8,428.790","0.00%"
"Dec 30, 2016","8,428.790","8,428.790","8,428.790","8,428.790","0.05%"
"Dec 29, 2016","8,424.600","8,424.600","8,424.600","8,424.600","0.05%"
"Dec 28, 2016","8,420.460","8,420.460","8,420.460","8,420.460","0.25%"
"Dec 27, 2016","8,399.470","8,399.470","8,399.470","8,399.470","0.00%"
"Dec 26, 2016","8,399.470","8,399.470","8,399.470","8,399.470","0.00%"
"Dec 23, 2016","8,399.470","8,399.470","8,399.470","8,399.470","0.00%"
"Dec 22, 2016","8,399.470","8,399.470","8,399.470","8,399.470","0.00%"
"Dec 21, 2016","8,399.470","8,399.470","8,399.470","8,399.470","0.05%"
"Dec 20, 2016","8,395.410","8,395.410","8,395.410","8,395.410","0.05%"
"Dec 19, 2016","8,391.270","8,391.270","8,391.270","8,391.270","0.05%"
"Dec 16, 2016","8,387.150","8,387.150","8,387.150","8,387.150","0.05%"
"Dec 15, 2016","8,382.950","8,382.950","8,382.950","8,382.950","0.05%"
"Dec 14, 2016","8,378.750","8,378.750","8,378.750","8,378.750","0.05%"
"Dec 13, 2016","8,374.500","8,374.500","8,374.500","8,374.500","0.05%"
"Dec 12, 2016","8,370.500","8,370.500","8,370.500","8,370.500","0.10%"
"Dec 09, 2016","8,362.330","8,362.330","8,362.330","8,362.330","0.00%"
"Dec 08, 2016","8,362.330","8,362.330","8,362.330","8,362.330","0.05%"
"Dec 07, 2016","8,358.300","8,358.300","8,358.300","8,358.300","0.05%"
"Dec 06, 2016","8,354.150","8,354.150","8,354.150","8,354.150","0.05%"
"Dec 05, 2016","8,349.900","8,349.900","8,349.900","8,349.900","0.05%"
"Dec 02, 2016","8,345.680","8,345.680","8,345.680","8,345.680","0.05%"
"Dec 01, 2016","8,341.370","8,341.370","8,341.370","8,341.370","0.05%"
"Nov 30, 2016","8,337.050","8,337.050","8,337.050","8,337.050","0.05%"
"Nov 29, 2016","8,332.770","8,332.770","8,332.770","8,332.770","0.05%"
"Nov 28, 2016","8,328.540","8,328.540","8,328.540","8,328.540","0.05%"
"Nov 25, 2016","8,324.240","8,324.240","8,324.240","8,324.240","0.05%"
"Nov 24, 2016","8,320.040","8,320.040","8,320.040","8,320.040","0.05%"
"Nov 23, 2016","8,315.730","8,315.730","8,315.730","8,315.730","0.05%"
"Nov 22, 2016","8,311.430","8,311.430","8,311.430","8,311.430","0.05%"
"Nov 21, 2016","8,307.130","8,307.130","8,307.130","8,307.130","0.05%"
"Nov 18, 2016","8,302.830","8,302.830","8,302.830","8,302.830","0.10%"
"Nov 17, 2016","8,294.250","8,294.250","8,294.250","8,294.250","0.10%"
"Nov 16, 2016","8,285.670","8,285.670","8,285.670","8,285.670","0.00%"
"Nov 15, 2016","8,285.670","8,285.670","8,285.670","8,285.670","0.00%"
"Nov 14, 2016","8,285.670","8,285.670","8,285.670","8,285.670","0.00%"
"Nov 11, 2016","8,285.670","8,285.670","8,285.670","8,285.670","0.05%"
"Nov 10, 2016","8,281.390","8,281.390","8,281.390","8,281.390","0.05%"
"Nov 09, 2016","8,277.100","8,277.100","8,277.100","8,277.100","0.05%"
"Nov 08, 2016","8,272.850","8,272.850","8,272.850","8,272.850","0.05%"
"Nov 07, 2016","8,268.570","8,268.570","8,268.570","8,268.570","0.05%"
"Nov 04, 2016","8,264.300","8,264.300","8,264.300","8,264.300","0.05%"
"Nov 03, 2016","8,260.030","8,260.030","8,260.030","8,260.030","0.00%"
"Nov 02, 2016","8,260.030","8,260.030","8,260.030","8,260.030","0.05%"
"Nov 01, 2016","8,255.760","8,255.760","8,255.760","8,255.760","0.05%"
"Oct 31, 2016","8,251.490","8,251.490","8,251.490","8,251.490","0.05%"
"Oct 28, 2016","8,247.220","8,247.220","8,247.220","8,247.220","0.05%"
"Oct 27, 2016","8,242.950","8,242.950","8,242.950","8,242.950","0.05%"
"Oct 26, 2016","8,238.690","8,238.690","8,238.690","8,238.690","0.05%"
"Oct 25, 2016","8,234.430","8,234.430","8,234.430","8,234.430","0.05%"
"Oct 24, 2016","8,230.170","8,230.170","8,230.170","8,230.170","0.05%"
"Oct 21, 2016","8,225.910","8,225.910","8,225.910","8,225.910","0.05%"
"Oct 20, 2016","8,221.550","8,221.550","8,221.550","8,221.550","0.05%"
"Oct 19, 2016","8,217.230","8,217.230","8,217.230","8,217.230","0.05%"
"Oct 18, 2016","8,212.920","8,212.920","8,212.920","8,212.920","0.05%"
"Oct 17, 2016","8,208.590","8,208.590","8,208.590","8,208.590","0.05%"
"Oct 14, 2016","8,204.280","8,204.280","8,204.280","8,204.280","0.05%"
"Oct 13, 2016","8,199.960","8,199.960","8,199.960","8,199.960","0.00%"
"Oct 12, 2016","8,199.960","8,199.960","8,199.960","8,199.960","0.05%"
"Oct 11, 2016","8,195.650","8,195.650","8,195.650","8,195.650","0.05%"
"Oct 10, 2016","8,191.340","8,191.340","8,191.340","8,191.340","0.05%"
"Oct 07, 2016","8,187.060","8,187.060","8,187.060","8,187.060","0.05%"
"Oct 06, 2016","8,182.950","8,182.950","8,182.950","8,182.950","0.05%"
"Oct 05, 2016","8,178.770","8,178.770","8,178.770","8,178.770","0.05%"
"Oct 04, 2016","8,174.560","8,174.560","8,174.560","8,174.560","0.05%"
"Oct 03, 2016","8,170.300","8,170.300","8,170.300","8,170.300","0.05%"
"Sep 30, 2016","8,166.130","8,166.130","8,166.130","8,166.130","0.05%"
"Sep 29, 2016","8,161.900","8,161.900","8,161.900","8,161.900","0.05%"
"Sep 28, 2016","8,158.150","8,158.150","8,158.150","8,158.150","0.05%"
"Sep 27, 2016","8,154.090","8,154.090","8,154.090","8,154.090","0.05%"
"Sep 26, 2016","8,149.800","8,149.800","8,149.800","8,149.800","0.05%"
"Sep 23, 2016","8,145.480","8,145.480","8,145.480","8,145.480","0.05%"
"Sep 22, 2016","8,141.170","8,141.170","8,141.170","8,141.170","0.05%"
"Sep 21, 2016","8,136.860","8,136.860","8,136.860","8,136.860","0.05%"
"Sep 20, 2016","8,132.610","8,132.610","8,132.610","8,132.610","0.05%"
"Sep 19, 2016","8,128.530","8,128.530","8,128.530","8,128.530","0.05%"
"Sep 16, 2016","8,124.260","8,124.260","8,124.260","8,124.260","0.05%"
"Sep 15, 2016","8,119.980","8,119.980","8,119.980","8,119.980","0.05%"
"Sep 14, 2016","8,115.710","8,115.710","8,115.710","8,115.710","0.05%"
"Sep 13, 2016","8,111.450","8,111.450","8,111.450","8,111.450","0.05%"
"Sep 12, 2016","8,107.190","8,107.190","8,107.190","8,107.190","0.05%"
"Sep 09, 2016","8,102.920","8,102.920","8,102.920","8,102.920","0.05%"
"Sep 08, 2016","8,098.670","8,098.670","8,098.670","8,098.670","0.00%"
"Sep 07, 2016","8,098.670","8,098.670","8,098.670","8,098.670","0.05%"
"Sep 06, 2016","8,094.410","8,094.410","8,094.410","8,094.410","0.05%"
"Sep 05, 2016","8,090.150","8,090.150","8,090.150","8,090.150","0.05%"
"Sep 02, 2016","8,085.900","8,085.900","8,085.900","8,085.900","0.05%"
"Sep 01, 2016","8,081.650","8,081.650","8,081.650","8,081.650","0.05%"
"Aug 31, 2016","8,077.400","8,077.400","8,077.400","8,077.400","0.05%"
"Aug 30, 2016","8,073.160","8,073.160","8,073.160","8,073.160","0.05%"
"Aug 29, 2016","8,068.910","8,068.910","8,068.910","8,068.910","0.05%"
"Aug 26, 2016","8,064.660","8,064.660","8,064.660","8,064.660","0.05%"
"Aug 25, 2016","8,060.400","8,060.400","8,060.400","8,060.400","0.05%"
"Aug 24, 2016","8,056.160","8,056.160","8,056.160","8,056.160","0.05%"
"Aug 23, 2016","8,051.920","8,051.920","8,051.920","8,051.920","0.05%"
"Aug 22, 2016","8,047.690","8,047.690","8,047.690","8,047.690","0.05%"
"Aug 19, 2016","8,043.460","8,043.460","8,043.460","8,043.460","0.05%"
"Aug 18, 2016","8,039.230","8,039.230","8,039.230","8,039.230","0.05%"
"Aug 17, 2016","8,035.010","8,035.010","8,035.010","8,035.010","0.05%"
"Aug 16, 2016","8,030.780","8,030.780","8,030.780","8,030.780","0.05%"
"Aug 15, 2016","8,026.490","8,026.490","8,026.490","8,026.490","0.05%"
"Aug 12, 2016","8,022.340","8,022.340","8,022.340","8,022.340","0.05%"
"Aug 11, 2016","8,018.120","8,018.120","8,018.120","8,018.120","0.05%"
"Aug 10, 2016","8,013.910","8,013.910","8,013.910","8,013.910","0.05%"
"Aug 09, 2016","8,009.700","8,009.700","8,009.700","8,009.700","0.05%"
"Aug 08, 2016","8,005.480","8,005.480","8,005.480","8,005.480","0.05%"